-- --------------------------------------------------------
-- Host:                         127.0.0.1
-- Server version:               8.0.30 - MySQL Community Server - GPL
-- Server OS:                    Win64
-- HeidiSQL Version:             12.8.0.6908
-- --------------------------------------------------------

/*!40101 SET @OLD_CHARACTER_SET_CLIENT=@@CHARACTER_SET_CLIENT */;
/*!40101 SET NAMES utf8 */;
/*!50503 SET NAMES utf8mb4 */;
/*!40103 SET @OLD_TIME_ZONE=@@TIME_ZONE */;
/*!40103 SET TIME_ZONE='+00:00' */;
/*!40014 SET @OLD_FOREIGN_KEY_CHECKS=@@FOREIGN_KEY_CHECKS, FOREIGN_KEY_CHECKS=0 */;
/*!40101 SET @OLD_SQL_MODE=@@SQL_MODE, SQL_MODE='NO_AUTO_VALUE_ON_ZERO' */;
/*!40111 SET @OLD_SQL_NOTES=@@SQL_NOTES, SQL_NOTES=0 */;

-- Dumping structure for table db_astawms.ci_sessions
CREATE TABLE IF NOT EXISTS `ci_sessions` (
  `id` varchar(40) CHARACTER SET armscii8 COLLATE armscii8_bin NOT NULL,
  `ip_address` varchar(45) CHARACTER SET armscii8 COLLATE armscii8_bin NOT NULL,
  `timestamp` int unsigned NOT NULL DEFAULT '0',
  `data` blob NOT NULL,
  PRIMARY KEY (`id`),
  KEY `ci_sessions_timestamp` (`timestamp`)
) ENGINE=InnoDB DEFAULT CHARSET=armscii8 COLLATE=armscii8_bin;

-- Dumping data for table db_astawms.ci_sessions: ~121 rows (approximately)
REPLACE INTO `ci_sessions` (`id`, `ip_address`, `timestamp`, `data`) VALUES
	('012iki76o6bfsupv1i68340dfseaetis', '::1', 1747813780, _binary 0x5f5f63695f6c6173745f726567656e65726174657c693a313734373831333738303b6c6f676765645f696e7c623a313b6964757365727c733a313a2234223b66756c6c5f6e616d657c733a31303a22537570657261646d696e223b757365726e616d657c733a31303a22537570657261646d696e223b6964726f6c657c733a313a2231223b666f746f7c733a31393a22666f746f5f313734353538383838382e706e67223b),
	('0bclrappvk1bukp4kajgmo0sru6ujcr9', '::1', 1747234425, _binary 0x5f5f63695f6c6173745f726567656e65726174657c693a313734373233343432353b6c6f676765645f696e7c623a313b6964757365727c733a313a2234223b66756c6c5f6e616d657c733a31303a22537570657261646d696e223b757365726e616d657c733a31303a22537570657261646d696e223b6964726f6c657c733a313a2231223b666f746f7c733a31393a22666f746f5f313734353538383838382e706e67223b),
	('0csge38cssp43ttnijg3v3mucvlkupo2', '::1', 1747210905, _binary 0x5f5f63695f6c6173745f726567656e65726174657c693a313734373231303930353b6c6f676765645f696e7c623a313b6964757365727c733a313a2234223b66756c6c5f6e616d657c733a31303a22537570657261646d696e223b757365726e616d657c733a31303a22537570657261646d696e223b6964726f6c657c733a313a2231223b666f746f7c733a31393a22666f746f5f313734353538383838382e706e67223b),
	('0jpmpc17jp1e6ih8unof1h70sq6fkgd3', '::1', 1747705422, _binary 0x5f5f63695f6c6173745f726567656e65726174657c693a313734373730353432323b),
	('0p4tpe03738qgfrld5centdvcun88h4c', '::1', 1747297526, _binary 0x5f5f63695f6c6173745f726567656e65726174657c693a313734373239373532363b6c6f676765645f696e7c623a313b6964757365727c733a313a2234223b66756c6c5f6e616d657c733a31303a22537570657261646d696e223b757365726e616d657c733a31303a22537570657261646d696e223b6964726f6c657c733a313a2231223b666f746f7c733a31393a22666f746f5f313734353538383838382e706e67223b),
	('0r3pnfts5nie8e35p3faflrrh6v3nr4b', '::1', 1747202938, _binary 0x5f5f63695f6c6173745f726567656e65726174657c693a313734373230323933373b6c6f676765645f696e7c623a313b6964757365727c733a313a2234223b66756c6c5f6e616d657c733a31303a22537570657261646d696e223b757365726e616d657c733a31303a22537570657261646d696e223b6964726f6c657c733a313a2231223b666f746f7c733a31393a22666f746f5f313734353538383838382e706e67223b),
	('0r87j20q2ln0pmfr0bd8tb174j9ibefu', '::1', 1747301026, _binary 0x5f5f63695f6c6173745f726567656e65726174657c693a313734373330303930363b6c6f676765645f696e7c623a313b6964757365727c733a313a2234223b66756c6c5f6e616d657c733a31303a22537570657261646d696e223b757365726e616d657c733a31303a22537570657261646d696e223b6964726f6c657c733a313a2231223b666f746f7c733a31393a22666f746f5f313734353538383838382e706e67223b7761726e696e677c733a34373a2250726f67726573732032207375646168207065726e616820646974616d6261686b616e20736562656c756d6e79612e223b5f5f63695f766172737c613a313a7b733a373a227761726e696e67223b733a333a226f6c64223b7d),
	('0rjbr3j8ns8lega9cq1jr46a6vdhe045', '::1', 1747748136, _binary 0x5f5f63695f6c6173745f726567656e65726174657c693a313734373734383133363b6c6f676765645f696e7c623a313b6964757365727c733a313a2234223b66756c6c5f6e616d657c733a31303a22537570657261646d696e223b757365726e616d657c733a31303a22537570657261646d696e223b6964726f6c657c733a313a2231223b666f746f7c733a31393a22666f746f5f313734353538383838382e706e67223b),
	('11tpgcllb4mv59k64c752ju214fq2dec', '::1', 1747445842, _binary 0x5f5f63695f6c6173745f726567656e65726174657c693a313734373434353834323b6c6f676765645f696e7c623a313b6964757365727c733a313a2234223b66756c6c5f6e616d657c733a31303a22537570657261646d696e223b757365726e616d657c733a31303a22537570657261646d696e223b6964726f6c657c733a313a2231223b666f746f7c733a31393a22666f746f5f313734353538383838382e706e67223b),
	('178943ebn3omn0glertpatn3i3brtg8b', '::1', 1747377243, _binary 0x5f5f63695f6c6173745f726567656e65726174657c693a313734373337373234333b6c6f676765645f696e7c623a313b6964757365727c733a313a2234223b66756c6c5f6e616d657c733a31303a22537570657261646d696e223b757365726e616d657c733a31303a22537570657261646d696e223b6964726f6c657c733a313a2231223b666f746f7c733a31393a22666f746f5f313734353538383838382e706e67223b),
	('1gctd39dca7rgmaqtgt5ggispeon86np', '::1', 1747625808, _binary 0x5f5f63695f6c6173745f726567656e65726174657c693a313734373632353830383b6c6f676765645f696e7c623a313b6964757365727c733a313a2234223b66756c6c5f6e616d657c733a31303a22537570657261646d696e223b757365726e616d657c733a31303a22537570657261646d696e223b6964726f6c657c733a313a2231223b666f746f7c733a31393a22666f746f5f313734353538383838382e706e67223b),
	('1hu04fmujldp6im781n03onmuhfbgj2r', '::1', 1747879326, _binary 0x5f5f63695f6c6173745f726567656e65726174657c693a313734373837393332363b6c6f676765645f696e7c623a313b6964757365727c733a313a2234223b66756c6c5f6e616d657c733a31303a22537570657261646d696e223b757365726e616d657c733a31303a22537570657261646d696e223b6964726f6c657c733a313a2231223b666f746f7c733a31393a22666f746f5f313734353538383838382e706e67223b),
	('1jakrn2h5mmmcfdnqskj6r25rkb8cmdr', '::1', 1747211603, _binary 0x5f5f63695f6c6173745f726567656e65726174657c693a313734373231313630333b6c6f676765645f696e7c623a313b6964757365727c733a313a2234223b66756c6c5f6e616d657c733a31303a22537570657261646d696e223b757365726e616d657c733a31303a22537570657261646d696e223b6964726f6c657c733a313a2231223b666f746f7c733a31393a22666f746f5f313734353538383838382e706e67223b),
	('207q6525c8m0vj2eq7291a220gu3movd', '::1', 1747280504, _binary 0x5f5f63695f6c6173745f726567656e65726174657c693a313734373238303530343b6c6f676765645f696e7c623a313b6964757365727c733a313a2234223b66756c6c5f6e616d657c733a31303a22537570657261646d696e223b757365726e616d657c733a31303a22537570657261646d696e223b6964726f6c657c733a313a2231223b666f746f7c733a31393a22666f746f5f313734353538383838382e706e67223b),
	('225rdoa8sokb1aq8d8qv21o1og0a34va', '::1', 1747213176, _binary 0x5f5f63695f6c6173745f726567656e65726174657c693a313734373231333137363b6c6f676765645f696e7c623a313b6964757365727c733a313a2234223b66756c6c5f6e616d657c733a31303a22537570657261646d696e223b757365726e616d657c733a31303a22537570657261646d696e223b6964726f6c657c733a313a2231223b666f746f7c733a31393a22666f746f5f313734353538383838382e706e67223b),
	('2khhu524vgpubvnti053e0cmpr0u5vj5', '::1', 1747801560, _binary 0x5f5f63695f6c6173745f726567656e65726174657c693a313734373830313536303b6c6f676765645f696e7c623a313b6964757365727c733a313a2234223b66756c6c5f6e616d657c733a31303a22537570657261646d696e223b757365726e616d657c733a31303a22537570657261646d696e223b6964726f6c657c733a313a2231223b666f746f7c733a31393a22666f746f5f313734353538383838382e706e67223b),
	('3cl1fg3l4d729mfq6n1nhonadeghfgv2', '::1', 1747237514, _binary 0x5f5f63695f6c6173745f726567656e65726174657c693a313734373233373531343b6c6f676765645f696e7c623a313b6964757365727c733a313a2234223b66756c6c5f6e616d657c733a31303a22537570657261646d696e223b757365726e616d657c733a31303a22537570657261646d696e223b6964726f6c657c733a313a2231223b666f746f7c733a31393a22666f746f5f313734353538383838382e706e67223b),
	('3f3ht2civpsrc0jpes7v9q9i3lp7fvq3', '::1', 1747890078, _binary 0x5f5f63695f6c6173745f726567656e65726174657c693a313734373838393938313b6c6f676765645f696e7c623a313b6964757365727c733a313a2234223b66756c6c5f6e616d657c733a31303a22537570657261646d696e223b757365726e616d657c733a31303a22537570657261646d696e223b6964726f6c657c733a313a2231223b666f746f7c733a31393a22666f746f5f313734353538383838382e706e67223b),
	('3n73tcg436chvmss8glphojv1s152bpn', '::1', 1747300906, _binary 0x5f5f63695f6c6173745f726567656e65726174657c693a313734373330303930363b6c6f676765645f696e7c623a313b6964757365727c733a313a2234223b66756c6c5f6e616d657c733a31303a22537570657261646d696e223b757365726e616d657c733a31303a22537570657261646d696e223b6964726f6c657c733a313a2231223b666f746f7c733a31393a22666f746f5f313734353538383838382e706e67223b),
	('3ntdmetm01sigjuimbmlthnqko2hjtrm', '::1', 1747211280, _binary 0x5f5f63695f6c6173745f726567656e65726174657c693a313734373231313238303b6c6f676765645f696e7c623a313b6964757365727c733a313a2234223b66756c6c5f6e616d657c733a31303a22537570657261646d696e223b757365726e616d657c733a31303a22537570657261646d696e223b6964726f6c657c733a313a2231223b666f746f7c733a31393a22666f746f5f313734353538383838382e706e67223b),
	('3ss9t58cf6h2spr0ip1l2kl6m2fb4fr0', '::1', 1747446500, _binary 0x5f5f63695f6c6173745f726567656e65726174657c693a313734373434363530303b6c6f676765645f696e7c623a313b6964757365727c733a313a2234223b66756c6c5f6e616d657c733a31303a22537570657261646d696e223b757365726e616d657c733a31303a22537570657261646d696e223b6964726f6c657c733a313a2231223b666f746f7c733a31393a22666f746f5f313734353538383838382e706e67223b),
	('41lisvm3lp3nnte4l9mpf9q67geknfce', '::1', 1747204558, _binary 0x5f5f63695f6c6173745f726567656e65726174657c693a313734373230343535383b6c6f676765645f696e7c623a313b6964757365727c733a313a2234223b66756c6c5f6e616d657c733a31303a22537570657261646d696e223b757365726e616d657c733a31303a22537570657261646d696e223b6964726f6c657c733a313a2231223b666f746f7c733a31393a22666f746f5f313734353538383838382e706e67223b6572726f727c733a32313a225573657220746964616b20646974656d756b616e2e223b5f5f63695f766172737c613a313a7b733a353a226572726f72223b733a333a226f6c64223b7d),
	('44anpfkt61nbrmthe67ajsu7lvge5gt5', '::1', 1747443864, _binary 0x5f5f63695f6c6173745f726567656e65726174657c693a313734373434333836343b6c6f676765645f696e7c623a313b6964757365727c733a313a2234223b66756c6c5f6e616d657c733a31303a22537570657261646d696e223b757365726e616d657c733a31303a22537570657261646d696e223b6964726f6c657c733a313a2231223b666f746f7c733a31393a22666f746f5f313734353538383838382e706e67223b),
	('45gcv70dvcl7me299r31ojimjg9gouks', '::1', 1747238489, _binary 0x5f5f63695f6c6173745f726567656e65726174657c693a313734373233383438393b6c6f676765645f696e7c623a313b6964757365727c733a313a2234223b66756c6c5f6e616d657c733a31303a22537570657261646d696e223b757365726e616d657c733a31303a22537570657261646d696e223b6964726f6c657c733a313a2231223b666f746f7c733a31393a22666f746f5f313734353538383838382e706e67223b),
	('4bab8kapjvs7ojll6eq4b1bt0otjg1pf', '::1', 1747297069, _binary 0x5f5f63695f6c6173745f726567656e65726174657c693a313734373239373036393b6c6f676765645f696e7c623a313b6964757365727c733a313a2234223b66756c6c5f6e616d657c733a31303a22537570657261646d696e223b757365726e616d657c733a31303a22537570657261646d696e223b6964726f6c657c733a313a2231223b666f746f7c733a31393a22666f746f5f313734353538383838382e706e67223b),
	('4o7pnr0fbar8td7e8u161d9e1525ut9o', '::1', 1747276824, _binary 0x5f5f63695f6c6173745f726567656e65726174657c693a313734373237363832343b6c6f676765645f696e7c623a313b6964757365727c733a313a2234223b66756c6c5f6e616d657c733a31303a22537570657261646d696e223b757365726e616d657c733a31303a22537570657261646d696e223b6964726f6c657c733a313a2231223b666f746f7c733a31393a22666f746f5f313734353538383838382e706e67223b),
	('4ues55ougpf318ktmmja3vqvcitueub6', '::1', 1747462260, _binary 0x5f5f63695f6c6173745f726567656e65726174657c693a313734373436323131373b6c6f676765645f696e7c623a313b6964757365727c733a313a2234223b66756c6c5f6e616d657c733a31303a22537570657261646d696e223b757365726e616d657c733a31303a22537570657261646d696e223b6964726f6c657c733a313a2231223b666f746f7c733a31393a22666f746f5f313734353538383838382e706e67223b),
	('4v81gf0ivglmdhtj5dilmq8ule8g610e', '::1', 1747384624, _binary 0x5f5f63695f6c6173745f726567656e65726174657c693a313734373338343632343b6c6f676765645f696e7c623a313b6964757365727c733a313a2234223b66756c6c5f6e616d657c733a31303a22537570657261646d696e223b757365726e616d657c733a31303a22537570657261646d696e223b6964726f6c657c733a313a2231223b666f746f7c733a31393a22666f746f5f313734353538383838382e706e67223b),
	('569m6tg8fkki526pbv9n9krpcv8tk4o5', '::1', 1747627102, _binary 0x5f5f63695f6c6173745f726567656e65726174657c693a313734373632373130323b6c6f676765645f696e7c623a313b6964757365727c733a313a2234223b66756c6c5f6e616d657c733a31303a22537570657261646d696e223b757365726e616d657c733a31303a22537570657261646d696e223b6964726f6c657c733a313a2231223b666f746f7c733a31393a22666f746f5f313734353538383838382e706e67223b),
	('5f5le9ni4tk2evgddo5l9eeu0afbga5s', '::1', 1747460398, _binary 0x5f5f63695f6c6173745f726567656e65726174657c693a313734373436303339383b6c6f676765645f696e7c623a313b6964757365727c733a313a2234223b66756c6c5f6e616d657c733a31303a22537570657261646d696e223b757365726e616d657c733a31303a22537570657261646d696e223b6964726f6c657c733a313a2231223b666f746f7c733a31393a22666f746f5f313734353538383838382e706e67223b),
	('5fm5i2g35ag1d8l3hn1i2g05np1actnu', '::1', 1747298300, _binary 0x5f5f63695f6c6173745f726567656e65726174657c693a313734373239383330303b6c6f676765645f696e7c623a313b6964757365727c733a313a2234223b66756c6c5f6e616d657c733a31303a22537570657261646d696e223b757365726e616d657c733a31303a22537570657261646d696e223b6964726f6c657c733a313a2231223b666f746f7c733a31393a22666f746f5f313734353538383838382e706e67223b),
	('5ga93cljt6mkb02ge49s38aarkui0ejo', '::1', 1747296659, _binary 0x5f5f63695f6c6173745f726567656e65726174657c693a313734373239363635393b6c6f676765645f696e7c623a313b6964757365727c733a313a2234223b66756c6c5f6e616d657c733a31303a22537570657261646d696e223b757365726e616d657c733a31303a22537570657261646d696e223b6964726f6c657c733a313a2231223b666f746f7c733a31393a22666f746f5f313734353538383838382e706e67223b),
	('5l23pts290g326bqh0q71d3s4476pt5k', '::1', 1747461181, _binary 0x5f5f63695f6c6173745f726567656e65726174657c693a313734373436313138313b6c6f676765645f696e7c623a313b6964757365727c733a313a2234223b66756c6c5f6e616d657c733a31303a22537570657261646d696e223b757365726e616d657c733a31303a22537570657261646d696e223b6964726f6c657c733a313a2231223b666f746f7c733a31393a22666f746f5f313734353538383838382e706e67223b),
	('6fp7fngumsj8v29c4b6tapefuojmh8ph', '::1', 1747238927, _binary 0x5f5f63695f6c6173745f726567656e65726174657c693a313734373233383932373b6c6f676765645f696e7c623a313b6964757365727c733a313a2234223b66756c6c5f6e616d657c733a31303a22537570657261646d696e223b757365726e616d657c733a31303a22537570657261646d696e223b6964726f6c657c733a313a2231223b666f746f7c733a31393a22666f746f5f313734353538383838382e706e67223b),
	('6ge63tuquc6u3p0k1k7apoeicj52odgu', '::1', 1747245144, _binary 0x5f5f63695f6c6173745f726567656e65726174657c693a313734373234353134343b6c6f676765645f696e7c623a313b6964757365727c733a313a2234223b66756c6c5f6e616d657c733a31303a22537570657261646d696e223b757365726e616d657c733a31303a22537570657261646d696e223b6964726f6c657c733a313a2231223b666f746f7c733a31393a22666f746f5f313734353538383838382e706e67223b),
	('6i4muta4jhbe7o2nf7l21vh4rtrre66s', '::1', 1747383518, _binary 0x5f5f63695f6c6173745f726567656e65726174657c693a313734373338333531383b6c6f676765645f696e7c623a313b6964757365727c733a313a2234223b66756c6c5f6e616d657c733a31303a22537570657261646d696e223b757365726e616d657c733a31303a22537570657261646d696e223b6964726f6c657c733a313a2231223b666f746f7c733a31393a22666f746f5f313734353538383838382e706e67223b),
	('6ithe2i5b5boke7jt8f5dcnfqpmi6167', '::1', 1747627466, _binary 0x5f5f63695f6c6173745f726567656e65726174657c693a313734373632373436363b6c6f676765645f696e7c623a313b6964757365727c733a313a2234223b66756c6c5f6e616d657c733a31303a22537570657261646d696e223b757365726e616d657c733a31303a22537570657261646d696e223b6964726f6c657c733a313a2231223b666f746f7c733a31393a22666f746f5f313734353538383838382e706e67223b),
	('6l9s88lpbkagt63p6o7m56iaa5rc92n6', '::1', 1747646226, _binary 0x5f5f63695f6c6173745f726567656e65726174657c693a313734373634353939383b6c6f676765645f696e7c623a313b6964757365727c733a313a2234223b66756c6c5f6e616d657c733a31303a22537570657261646d696e223b757365726e616d657c733a31303a22537570657261646d696e223b6964726f6c657c733a313a2231223b666f746f7c733a31393a22666f746f5f313734353538383838382e706e67223b),
	('6u83kg65vd1vkmjjr6i7q8jfme75klt8', '::1', 1747277194, _binary 0x5f5f63695f6c6173745f726567656e65726174657c693a313734373237373139343b6c6f676765645f696e7c623a313b6964757365727c733a313a2234223b66756c6c5f6e616d657c733a31303a22537570657261646d696e223b757365726e616d657c733a31303a22537570657261646d696e223b6964726f6c657c733a313a2231223b666f746f7c733a31393a22666f746f5f313734353538383838382e706e67223b),
	('702ka9d973u5bk1mmil5uhedgen1rciq', '::1', 1747455441, _binary 0x5f5f63695f6c6173745f726567656e65726174657c693a313734373435353434313b6c6f676765645f696e7c623a313b6964757365727c733a313a2234223b66756c6c5f6e616d657c733a31303a22537570657261646d696e223b757365726e616d657c733a31303a22537570657261646d696e223b6964726f6c657c733a313a2231223b666f746f7c733a31393a22666f746f5f313734353538383838382e706e67223b),
	('72ifrakrktssgptjsbhnho6n53knh55n', '::1', 1747237871, _binary 0x5f5f63695f6c6173745f726567656e65726174657c693a313734373233373837313b6c6f676765645f696e7c623a313b6964757365727c733a313a2234223b66756c6c5f6e616d657c733a31303a22537570657261646d696e223b757365726e616d657c733a31303a22537570657261646d696e223b6964726f6c657c733a313a2231223b666f746f7c733a31393a22666f746f5f313734353538383838382e706e67223b),
	('7f2fisgvf0fmmh64lk1drb731g2dj2ie', '::1', 1747210181, _binary 0x5f5f63695f6c6173745f726567656e65726174657c693a313734373231303138313b6c6f676765645f696e7c623a313b6964757365727c733a313a2234223b66756c6c5f6e616d657c733a31303a22537570657261646d696e223b757365726e616d657c733a31303a22537570657261646d696e223b6964726f6c657c733a313a2231223b666f746f7c733a31393a22666f746f5f313734353538383838382e706e67223b),
	('7fdmu6a8kh3lvvlp6ctr1rdfd0auurug', '::1', 1747298800, _binary 0x5f5f63695f6c6173745f726567656e65726174657c693a313734373239383830303b6c6f676765645f696e7c623a313b6964757365727c733a313a2234223b66756c6c5f6e616d657c733a31303a22537570657261646d696e223b757365726e616d657c733a31303a22537570657261646d696e223b6964726f6c657c733a313a2231223b666f746f7c733a31393a22666f746f5f313734353538383838382e706e67223b),
	('7u7qg2f3o3usumfcj1e1qmi5po1mbr9m', '::1', 1747203857, _binary 0x5f5f63695f6c6173745f726567656e65726174657c693a313734373230333835373b6c6f676765645f696e7c623a313b6964757365727c733a313a2234223b66756c6c5f6e616d657c733a31303a22537570657261646d696e223b757365726e616d657c733a31303a22537570657261646d696e223b6964726f6c657c733a313a2231223b666f746f7c733a31393a22666f746f5f313734353538383838382e706e67223b),
	('7uri573j7rjl95q5s0tt33irgb5n3rv6', '::1', 1747626695, _binary 0x5f5f63695f6c6173745f726567656e65726174657c693a313734373632363639353b6c6f676765645f696e7c623a313b6964757365727c733a313a2234223b66756c6c5f6e616d657c733a31303a22537570657261646d696e223b757365726e616d657c733a31303a22537570657261646d696e223b6964726f6c657c733a313a2231223b666f746f7c733a31393a22666f746f5f313734353538383838382e706e67223b),
	('869fue533f6pmgso92djtkh0h3ouhsfa', '::1', 1747383902, _binary 0x5f5f63695f6c6173745f726567656e65726174657c693a313734373338333930323b6c6f676765645f696e7c623a313b6964757365727c733a313a2234223b66756c6c5f6e616d657c733a31303a22537570657261646d696e223b757365726e616d657c733a31303a22537570657261646d696e223b6964726f6c657c733a313a2231223b666f746f7c733a31393a22666f746f5f313734353538383838382e706e67223b),
	('9079k3gc3ldj9ok97e8aovi0nojd0b7f', '::1', 1747381125, _binary 0x5f5f63695f6c6173745f726567656e65726174657c693a313734373338313132353b6c6f676765645f696e7c623a313b6964757365727c733a313a2234223b66756c6c5f6e616d657c733a31303a22537570657261646d696e223b757365726e616d657c733a31303a22537570657261646d696e223b6964726f6c657c733a313a2231223b666f746f7c733a31393a22666f746f5f313734353538383838382e706e67223b),
	('9832np9a2nd1jsalunrnt7qnu30sgjcu', '::1', 1747814373, _binary 0x5f5f63695f6c6173745f726567656e65726174657c693a313734373831343337333b6c6f676765645f696e7c623a313b6964757365727c733a313a2234223b66756c6c5f6e616d657c733a31303a22537570657261646d696e223b757365726e616d657c733a31303a22537570657261646d696e223b6964726f6c657c733a313a2231223b666f746f7c733a31393a22666f746f5f313734353538383838382e706e67223b),
	('9dd8lv99d4f2j4phctju41dlt1v2gmjf', '::1', 1747382803, _binary 0x5f5f63695f6c6173745f726567656e65726174657c693a313734373338323830333b6c6f676765645f696e7c623a313b6964757365727c733a313a2234223b66756c6c5f6e616d657c733a31303a22537570657261646d696e223b757365726e616d657c733a31303a22537570657261646d696e223b6964726f6c657c733a313a2231223b666f746f7c733a31393a22666f746f5f313734353538383838382e706e67223b),
	('9j7u0ri8n80merg27tfcju24uqobr9j4', '::1', 1747809862, _binary 0x5f5f63695f6c6173745f726567656e65726174657c693a313734373830393836323b6c6f676765645f696e7c623a313b6964757365727c733a313a2234223b66756c6c5f6e616d657c733a31303a22537570657261646d696e223b757365726e616d657c733a31303a22537570657261646d696e223b6964726f6c657c733a313a2231223b666f746f7c733a31393a22666f746f5f313734353538383838382e706e67223b),
	('aes2kni2dabbh1eu59us06nendjk297q', '::1', 1747282232, _binary 0x5f5f63695f6c6173745f726567656e65726174657c693a313734373238323233323b6c6f676765645f696e7c623a313b6964757365727c733a313a2234223b66756c6c5f6e616d657c733a31303a22537570657261646d696e223b757365726e616d657c733a31303a22537570657261646d696e223b6964726f6c657c733a313a2231223b666f746f7c733a31393a22666f746f5f313734353538383838382e706e67223b),
	('ajuf0ls6en7an5lcfujmv0n924dmhvqo', '::1', 1747449824, _binary 0x5f5f63695f6c6173745f726567656e65726174657c693a313734373434393832343b6c6f676765645f696e7c623a313b6964757365727c733a313a2234223b66756c6c5f6e616d657c733a31303a22537570657261646d696e223b757365726e616d657c733a31303a22537570657261646d696e223b6964726f6c657c733a313a2231223b666f746f7c733a31393a22666f746f5f313734353538383838382e706e67223b),
	('alc1qsncr51m93h1ii4jque97ki6t2ej', '::1', 1747245458, _binary 0x5f5f63695f6c6173745f726567656e65726174657c693a313734373234353435383b6c6f676765645f696e7c623a313b6964757365727c733a313a2234223b66756c6c5f6e616d657c733a31303a22537570657261646d696e223b757365726e616d657c733a31303a22537570657261646d696e223b6964726f6c657c733a313a2231223b666f746f7c733a31393a22666f746f5f313734353538383838382e706e67223b),
	('b320qf0uc710bn8r4oilkll3jrs27fav', '::1', 1747209140, _binary 0x5f5f63695f6c6173745f726567656e65726174657c693a313734373230393134303b6c6f676765645f696e7c623a313b6964757365727c733a313a2234223b66756c6c5f6e616d657c733a31303a22537570657261646d696e223b757365726e616d657c733a31303a22537570657261646d696e223b6964726f6c657c733a313a2231223b666f746f7c733a31393a22666f746f5f313734353538383838382e706e67223b),
	('bau0d75k47g3q6ucp4ns1n884qjgfgvp', '::1', 1747203342, _binary 0x5f5f63695f6c6173745f726567656e65726174657c693a313734373230333334323b6c6f676765645f696e7c623a313b6964757365727c733a313a2234223b66756c6c5f6e616d657c733a31303a22537570657261646d696e223b757365726e616d657c733a31303a22537570657261646d696e223b6964726f6c657c733a313a2231223b666f746f7c733a31393a22666f746f5f313734353538383838382e706e67223b),
	('bt6ng7to46li5e1625p7mtq5tqagpdkn', '::1', 1747814678, _binary 0x5f5f63695f6c6173745f726567656e65726174657c693a313734373831343637363b6c6f676765645f696e7c623a313b6964757365727c733a313a2234223b66756c6c5f6e616d657c733a31303a22537570657261646d696e223b757365726e616d657c733a31303a22537570657261646d696e223b6964726f6c657c733a313a2231223b666f746f7c733a31393a22666f746f5f313734353538383838382e706e67223b737563636573737c733a34323a225265616c69736173692070656e676972696d616e20626572686173696c20646974616d6261686b616e2e223b5f5f63695f766172737c613a313a7b733a373a2273756363657373223b733a333a226e6577223b7d),
	('bvlphcurup4smt8amm8osqvq8i5dp50q', '::1', 1747243256, _binary 0x5f5f63695f6c6173745f726567656e65726174657c693a313734373234333235363b6c6f676765645f696e7c623a313b6964757365727c733a313a2234223b66756c6c5f6e616d657c733a31303a22537570657261646d696e223b757365726e616d657c733a31303a22537570657261646d696e223b6964726f6c657c733a313a2231223b666f746f7c733a31393a22666f746f5f313734353538383838382e706e67223b),
	('c1t3qbj498o8qbrvgrgcfu6hmpnjdtgi', '::1', 1747881855, _binary 0x5f5f63695f6c6173745f726567656e65726174657c693a313734373838313835353b6c6f676765645f696e7c623a313b6964757365727c733a313a2234223b66756c6c5f6e616d657c733a31303a22537570657261646d696e223b757365726e616d657c733a31303a22537570657261646d696e223b6964726f6c657c733a313a2231223b666f746f7c733a31393a22666f746f5f313734353538383838382e706e67223b),
	('c3hvlol37tg670h37u582vff8vh6j88u', '::1', 1747458520, _binary 0x5f5f63695f6c6173745f726567656e65726174657c693a313734373435383532303b6c6f676765645f696e7c623a313b6964757365727c733a313a2234223b66756c6c5f6e616d657c733a31303a22537570657261646d696e223b757365726e616d657c733a31303a22537570657261646d696e223b6964726f6c657c733a313a2231223b666f746f7c733a31393a22666f746f5f313734353538383838382e706e67223b),
	('ceugip9jm6g41ssdttvobcf876m00k5i', '::1', 1747384298, _binary 0x5f5f63695f6c6173745f726567656e65726174657c693a313734373338343239383b6c6f676765645f696e7c623a313b6964757365727c733a313a2234223b66756c6c5f6e616d657c733a31303a22537570657261646d696e223b757365726e616d657c733a31303a22537570657261646d696e223b6964726f6c657c733a313a2231223b666f746f7c733a31393a22666f746f5f313734353538383838382e706e67223b),
	('chbdb7rkrt1fk1sfbgm4sum63b257vet', '::1', 1747361517, _binary 0x5f5f63695f6c6173745f726567656e65726174657c693a313734373336313531373b6c6f676765645f696e7c623a313b6964757365727c733a313a2234223b66756c6c5f6e616d657c733a31303a22537570657261646d696e223b757365726e616d657c733a31303a22537570657261646d696e223b6964726f6c657c733a313a2231223b666f746f7c733a31393a22666f746f5f313734353538383838382e706e67223b),
	('ck4l3di0bvso8ojg0ml1kj711kv1svg9', '::1', 1747886330, _binary 0x5f5f63695f6c6173745f726567656e65726174657c693a313734373838363333303b6c6f676765645f696e7c623a313b6964757365727c733a313a2234223b66756c6c5f6e616d657c733a31303a22537570657261646d696e223b757365726e616d657c733a31303a22537570657261646d696e223b6964726f6c657c733a313a2231223b666f746f7c733a31393a22666f746f5f313734353538383838382e706e67223b),
	('cp1cgmiudql7jea0atmo1quucvar1320', '::1', 1747453138, _binary 0x5f5f63695f6c6173745f726567656e65726174657c693a313734373435333133383b6c6f676765645f696e7c623a313b6964757365727c733a313a2234223b66756c6c5f6e616d657c733a31303a22537570657261646d696e223b757365726e616d657c733a31303a22537570657261646d696e223b6964726f6c657c733a313a2231223b666f746f7c733a31393a22666f746f5f313734353538383838382e706e67223b),
	('cpfp1kqql1897s872huo7ushsjan3rjl', '::1', 1747889981, _binary 0x5f5f63695f6c6173745f726567656e65726174657c693a313734373838393938313b6c6f676765645f696e7c623a313b6964757365727c733a313a2234223b66756c6c5f6e616d657c733a31303a22537570657261646d696e223b757365726e616d657c733a31303a22537570657261646d696e223b6964726f6c657c733a313a2231223b666f746f7c733a31393a22666f746f5f313734353538383838382e706e67223b),
	('cs8haqem9mpqc8053qo27n0p0b7gtu0n', '::1', 1747814678, _binary 0x5f5f63695f6c6173745f726567656e65726174657c693a313734373831343637363b6c6f676765645f696e7c623a313b6964757365727c733a313a2234223b66756c6c5f6e616d657c733a31303a22537570657261646d696e223b757365726e616d657c733a31303a22537570657261646d696e223b6964726f6c657c733a313a2231223b666f746f7c733a31393a22666f746f5f313734353538383838382e706e67223b),
	('d8akb177jska15au48nb1tfbj1j19fa0', '::1', 1747388936, _binary 0x5f5f63695f6c6173745f726567656e65726174657c693a313734373338383933363b6c6f676765645f696e7c623a313b6964757365727c733a313a2234223b66756c6c5f6e616d657c733a31303a22537570657261646d696e223b757365726e616d657c733a31303a22537570657261646d696e223b6964726f6c657c733a313a2231223b666f746f7c733a31393a22666f746f5f313734353538383838382e706e67223b),
	('e4l8uihjv3uq3jogeqb4plin1agrt0fe', '::1', 1747878332, _binary 0x5f5f63695f6c6173745f726567656e65726174657c693a313734373837383333323b6c6f676765645f696e7c623a313b6964757365727c733a313a2234223b66756c6c5f6e616d657c733a31303a22537570657261646d696e223b757365726e616d657c733a31303a22537570657261646d696e223b6964726f6c657c733a313a2231223b666f746f7c733a31393a22666f746f5f313734353538383838382e706e67223b),
	('e8dp2sco53dmb234q67rsjb9q2c4jbgt', '::1', 1747455828, _binary 0x5f5f63695f6c6173745f726567656e65726174657c693a313734373435353832383b6c6f676765645f696e7c623a313b6964757365727c733a313a2234223b66756c6c5f6e616d657c733a31303a22537570657261646d696e223b757365726e616d657c733a31303a22537570657261646d696e223b6964726f6c657c733a313a2231223b666f746f7c733a31393a22666f746f5f313734353538383838382e706e67223b),
	('ehkh5mb2gl0fcaj7jose580dgg8gr3uf', '::1', 1747388936, _binary 0x5f5f63695f6c6173745f726567656e65726174657c693a313734373338383933363b6c6f676765645f696e7c623a313b6964757365727c733a313a2234223b66756c6c5f6e616d657c733a31303a22537570657261646d696e223b757365726e616d657c733a31303a22537570657261646d696e223b6964726f6c657c733a313a2231223b666f746f7c733a31393a22666f746f5f313734353538383838382e706e67223b),
	('emiahq63b1v4ft4mgt58i981hui5i6ia', '::1', 1747377919, _binary 0x5f5f63695f6c6173745f726567656e65726174657c693a313734373337373931393b6c6f676765645f696e7c623a313b6964757365727c733a313a2234223b66756c6c5f6e616d657c733a31303a22537570657261646d696e223b757365726e616d657c733a31303a22537570657261646d696e223b6964726f6c657c733a313a2231223b666f746f7c733a31393a22666f746f5f313734353538383838382e706e67223b),
	('epo5rhmf6n187qd0152uijpdlmtpa5bq', '::1', 1747379945, _binary 0x5f5f63695f6c6173745f726567656e65726174657c693a313734373337393934353b6c6f676765645f696e7c623a313b6964757365727c733a313a2234223b66756c6c5f6e616d657c733a31303a22537570657261646d696e223b757365726e616d657c733a31303a22537570657261646d696e223b6964726f6c657c733a313a2231223b666f746f7c733a31393a22666f746f5f313734353538383838382e706e67223b737563636573737c733a34323a225265616c69736173692070656e676972696d616e20626572686173696c20646974616d6261686b616e2e223b5f5f63695f766172737c613a313a7b733a373a2273756363657373223b733a333a226f6c64223b7d),
	('f3h62g3dmonc9l91032digkv5hk2of6g', '::1', 1747240620, _binary 0x5f5f63695f6c6173745f726567656e65726174657c693a313734373234303632303b6c6f676765645f696e7c623a313b6964757365727c733a313a2234223b66756c6c5f6e616d657c733a31303a22537570657261646d696e223b757365726e616d657c733a31303a22537570657261646d696e223b6964726f6c657c733a313a2231223b666f746f7c733a31393a22666f746f5f313734353538383838382e706e67223b),
	('f6pg5a84ioc3rre60767umjsv3unpdne', '::1', 1747235294, _binary 0x5f5f63695f6c6173745f726567656e65726174657c693a313734373233353239343b6c6f676765645f696e7c623a313b6964757365727c733a313a2234223b66756c6c5f6e616d657c733a31303a22537570657261646d696e223b757365726e616d657c733a31303a22537570657261646d696e223b6964726f6c657c733a313a2231223b666f746f7c733a31393a22666f746f5f313734353538383838382e706e67223b),
	('ffgds638vuqa9ng11btrgtpjsun85els', '::1', 1747444793, _binary 0x5f5f63695f6c6173745f726567656e65726174657c693a313734373434343739333b6c6f676765645f696e7c623a313b6964757365727c733a313a2234223b66756c6c5f6e616d657c733a31303a22537570657261646d696e223b757365726e616d657c733a31303a22537570657261646d696e223b6964726f6c657c733a313a2231223b666f746f7c733a31393a22666f746f5f313734353538383838382e706e67223b),
	('fgqorledgo5n5o4tp4e74vpnv41j2hm5', '::1', 1747446146, _binary 0x5f5f63695f6c6173745f726567656e65726174657c693a313734373434363134363b6c6f676765645f696e7c623a313b6964757365727c733a313a2234223b66756c6c5f6e616d657c733a31303a22537570657261646d696e223b757365726e616d657c733a31303a22537570657261646d696e223b6964726f6c657c733a313a2231223b666f746f7c733a31393a22666f746f5f313734353538383838382e706e67223b),
	('fine447g6pfiam7jgiftu9vkb5nkf6ag', '::1', 1747812960, _binary 0x5f5f63695f6c6173745f726567656e65726174657c693a313734373831323936303b6c6f676765645f696e7c623a313b6964757365727c733a313a2234223b66756c6c5f6e616d657c733a31303a22537570657261646d696e223b757365726e616d657c733a31303a22537570657261646d696e223b6964726f6c657c733a313a2231223b666f746f7c733a31393a22666f746f5f313734353538383838382e706e67223b),
	('fmb5t8eglg4e46gb6faodtg2mgal4v7g', '::1', 1747269975, _binary 0x5f5f63695f6c6173745f726567656e65726174657c693a313734373236393937353b6c6f676765645f696e7c623a313b6964757365727c733a313a2234223b66756c6c5f6e616d657c733a31303a22537570657261646d696e223b757365726e616d657c733a31303a22537570657261646d696e223b6964726f6c657c733a313a2231223b666f746f7c733a31393a22666f746f5f313734353538383838382e706e67223b6572726f727c733a32373a225472616e73616b736920626572686173696c206469746f6c616b2e223b5f5f63695f766172737c613a313a7b733a353a226572726f72223b733a333a226f6c64223b7d),
	('gail218j57vkbss56fcb5nfg2qqi3stg', '::1', 1747348567, _binary 0x5f5f63695f6c6173745f726567656e65726174657c693a313734373334383536373b6c6f676765645f696e7c623a313b6964757365727c733a313a2234223b66756c6c5f6e616d657c733a31303a22537570657261646d696e223b757365726e616d657c733a31303a22537570657261646d696e223b6964726f6c657c733a313a2231223b666f746f7c733a31393a22666f746f5f313734353538383838382e706e67223b),
	('gcnh519g5d6ik5gq6elkuaaejrsdv25c', '::1', 1747626293, _binary 0x5f5f63695f6c6173745f726567656e65726174657c693a313734373632363239333b6c6f676765645f696e7c623a313b6964757365727c733a313a2234223b66756c6c5f6e616d657c733a31303a22537570657261646d696e223b757365726e616d657c733a31303a22537570657261646d696e223b6964726f6c657c733a313a2231223b666f746f7c733a31393a22666f746f5f313734353538383838382e706e67223b),
	('gelfsstlqc1pj3brcbd653t0rp7m1d90', '::1', 1747453443, _binary 0x5f5f63695f6c6173745f726567656e65726174657c693a313734373435333434333b6c6f676765645f696e7c623a313b6964757365727c733a313a2234223b66756c6c5f6e616d657c733a31303a22537570657261646d696e223b757365726e616d657c733a31303a22537570657261646d696e223b6964726f6c657c733a313a2231223b666f746f7c733a31393a22666f746f5f313734353538383838382e706e67223b),
	('gqmf35evpk5pc4nvrmup9fbkmjb6rnve', '::1', 1747641848, _binary 0x5f5f63695f6c6173745f726567656e65726174657c693a313734373634313834383b6c6f676765645f696e7c623a313b6964757365727c733a313a2234223b66756c6c5f6e616d657c733a31303a22537570657261646d696e223b757365726e616d657c733a31303a22537570657261646d696e223b6964726f6c657c733a313a2231223b666f746f7c733a31393a22666f746f5f313734353538383838382e706e67223b),
	('grsqo3d6av2gnrrk6j20ki9jtofvrkpk', '::1', 1747444470, _binary 0x5f5f63695f6c6173745f726567656e65726174657c693a313734373434343437303b6c6f676765645f696e7c623a313b6964757365727c733a313a2234223b66756c6c5f6e616d657c733a31303a22537570657261646d696e223b757365726e616d657c733a31303a22537570657261646d696e223b6964726f6c657c733a313a2231223b666f746f7c733a31393a22666f746f5f313734353538383838382e706e67223b),
	('gtn15aggorqltn4f8rnhks79arageh38', '::1', 1747230223, _binary 0x5f5f63695f6c6173745f726567656e65726174657c693a313734373233303232333b6c6f676765645f696e7c623a313b6964757365727c733a313a2234223b66756c6c5f6e616d657c733a31303a22537570657261646d696e223b757365726e616d657c733a31303a22537570657261646d696e223b6964726f6c657c733a313a2231223b666f746f7c733a31393a22666f746f5f313734353538383838382e706e67223b),
	('h4ch8vpo78vs7535h9k36pvpfjim9g8c', '::1', 1747748151, _binary 0x5f5f63695f6c6173745f726567656e65726174657c693a313734373734383133363b6c6f676765645f696e7c623a313b6964757365727c733a313a2234223b66756c6c5f6e616d657c733a31303a22537570657261646d696e223b757365726e616d657c733a31303a22537570657261646d696e223b6964726f6c657c733a313a2231223b666f746f7c733a31393a22666f746f5f313734353538383838382e706e67223b),
	('hnal4ahvd3p2l5vkadpio0knsuc9isr3', '::1', 1747645998, _binary 0x5f5f63695f6c6173745f726567656e65726174657c693a313734373634353939383b6c6f676765645f696e7c623a313b6964757365727c733a313a2234223b66756c6c5f6e616d657c733a31303a22537570657261646d696e223b757365726e616d657c733a31303a22537570657261646d696e223b6964726f6c657c733a313a2231223b666f746f7c733a31393a22666f746f5f313734353538383838382e706e67223b),
	('i0avuq1r44gjhn14bv7hqiphop61lgb2', '::1', 1747456236, _binary 0x5f5f63695f6c6173745f726567656e65726174657c693a313734373435363233363b6c6f676765645f696e7c623a313b6964757365727c733a313a2234223b66756c6c5f6e616d657c733a31303a22537570657261646d696e223b757365726e616d657c733a31303a22537570657261646d696e223b6964726f6c657c733a313a2231223b666f746f7c733a31393a22666f746f5f313734353538383838382e706e67223b),
	('i7vtpkejn68hmt2g3bp7n0gvs2d4fmfe', '::1', 1747247831, _binary 0x5f5f63695f6c6173745f726567656e65726174657c693a313734373234373833313b6c6f676765645f696e7c623a313b6964757365727c733a313a2234223b66756c6c5f6e616d657c733a31303a22537570657261646d696e223b757365726e616d657c733a31303a22537570657261646d696e223b6964726f6c657c733a313a2231223b666f746f7c733a31393a22666f746f5f313734353538383838382e706e67223b6572726f727c733a32373a225472616e73616b736920626572686173696c206469746f6c616b2e223b5f5f63695f766172737c613a313a7b733a353a226572726f72223b733a333a226f6c64223b7d),
	('i94ck0voebhgjv3n3aqsdm5jg32uhgdi', '::1', 1747380315, _binary 0x5f5f63695f6c6173745f726567656e65726174657c693a313734373338303331353b6c6f676765645f696e7c623a313b6964757365727c733a313a2234223b66756c6c5f6e616d657c733a31303a22537570657261646d696e223b757365726e616d657c733a31303a22537570657261646d696e223b6964726f6c657c733a313a2231223b666f746f7c733a31393a22666f746f5f313734353538383838382e706e67223b),
	('j13a30c4tj9qfpbr17m6ug62rrrvh08q', '::1', 1747247001, _binary 0x5f5f63695f6c6173745f726567656e65726174657c693a313734373234373030313b6c6f676765645f696e7c623a313b6964757365727c733a313a2234223b66756c6c5f6e616d657c733a31303a22537570657261646d696e223b757365726e616d657c733a31303a22537570657261646d696e223b6964726f6c657c733a313a2231223b666f746f7c733a31393a22666f746f5f313734353538383838382e706e67223b),
	('j2n807m04vgohvglo159ocfv9cdffenf', '::1', 1747885709, _binary 0x5f5f63695f6c6173745f726567656e65726174657c693a313734373838353730393b6c6f676765645f696e7c623a313b6964757365727c733a313a2234223b66756c6c5f6e616d657c733a31303a22537570657261646d696e223b757365726e616d657c733a31303a22537570657261646d696e223b6964726f6c657c733a313a2231223b666f746f7c733a31393a22666f746f5f313734353538383838382e706e67223b),
	('j5u68tmjc14iofne7rc9mdj9oeh4smfo', '::1', 1747880864, _binary 0x5f5f63695f6c6173745f726567656e65726174657c693a313734373838303836343b6c6f676765645f696e7c623a313b6964757365727c733a313a2234223b66756c6c5f6e616d657c733a31303a22537570657261646d696e223b757365726e616d657c733a31303a22537570657261646d696e223b6964726f6c657c733a313a2231223b666f746f7c733a31393a22666f746f5f313734353538383838382e706e67223b),
	('j6orqp2br8cfqbbnvi4pto7stl8mkhas', '::1', 1747232458, _binary 0x5f5f63695f6c6173745f726567656e65726174657c693a313734373233323435383b6c6f676765645f696e7c623a313b6964757365727c733a313a2234223b66756c6c5f6e616d657c733a31303a22537570657261646d696e223b757365726e616d657c733a31303a22537570657261646d696e223b6964726f6c657c733a313a2231223b666f746f7c733a31393a22666f746f5f313734353538383838382e706e67223b),
	('jffei87fr5um0lf9f31pe35icrtaua5d', '::1', 1747239261, _binary 0x5f5f63695f6c6173745f726567656e65726174657c693a313734373233393236313b6c6f676765645f696e7c623a313b6964757365727c733a313a2234223b66756c6c5f6e616d657c733a31303a22537570657261646d696e223b757365726e616d657c733a31303a22537570657261646d696e223b6964726f6c657c733a313a2231223b666f746f7c733a31393a22666f746f5f313734353538383838382e706e67223b),
	('jke9eq6h6c6mrgetuklbhqv25n6lihi2', '::1', 1747451238, _binary 0x5f5f63695f6c6173745f726567656e65726174657c693a313734373435313233383b6c6f676765645f696e7c623a313b6964757365727c733a313a2234223b66756c6c5f6e616d657c733a31303a22537570657261646d696e223b757365726e616d657c733a31303a22537570657261646d696e223b6964726f6c657c733a313a2231223b666f746f7c733a31393a22666f746f5f313734353538383838382e706e67223b),
	('jm1g0la1284a4phlg7s8pf5vd3j7o5iq', '::1', 1747358475, _binary 0x5f5f63695f6c6173745f726567656e65726174657c693a313734373335383437353b6c6f676765645f696e7c623a313b6964757365727c733a313a2234223b66756c6c5f6e616d657c733a31303a22537570657261646d696e223b757365726e616d657c733a31303a22537570657261646d696e223b6964726f6c657c733a313a2231223b666f746f7c733a31393a22666f746f5f313734353538383838382e706e67223b),
	('kpi55hijc1uhkol3g3ttsm9l5p0uekko', '::1', 1747231607, _binary 0x5f5f63695f6c6173745f726567656e65726174657c693a313734373233313630373b6c6f676765645f696e7c623a313b6964757365727c733a313a2234223b66756c6c5f6e616d657c733a31303a22537570657261646d696e223b757365726e616d657c733a31303a22537570657261646d696e223b6964726f6c657c733a313a2231223b666f746f7c733a31393a22666f746f5f313734353538383838382e706e67223b),
	('kqqp25n35g6a1b5idmj8dui78hhplqjl', '::1', 1747457288, _binary 0x5f5f63695f6c6173745f726567656e65726174657c693a313734373435373238383b6c6f676765645f696e7c623a313b6964757365727c733a313a2234223b66756c6c5f6e616d657c733a31303a22537570657261646d696e223b757365726e616d657c733a31303a22537570657261646d696e223b6964726f6c657c733a313a2231223b666f746f7c733a31393a22666f746f5f313734353538383838382e706e67223b6572726f727c733a32373a225472616e73616b736920626572686173696c206469746f6c616b2e223b5f5f63695f766172737c613a313a7b733a353a226572726f72223b733a333a226f6c64223b7d),
	('kqvmu25mer44mv87lv53uu8aq5u81hg6', '::1', 1747293823, _binary 0x5f5f63695f6c6173745f726567656e65726174657c693a313734373239333832333b6c6f676765645f696e7c623a313b6964757365727c733a313a2234223b66756c6c5f6e616d657c733a31303a22537570657261646d696e223b757365726e616d657c733a31303a22537570657261646d696e223b6964726f6c657c733a313a2231223b666f746f7c733a31393a22666f746f5f313734353538383838382e706e67223b),
	('lcuhdvb22mbstlm49fan1lfrnqekd5rq', '::1', 1747629582, _binary 0x5f5f63695f6c6173745f726567656e65726174657c693a313734373632393538323b6c6f676765645f696e7c623a313b6964757365727c733a313a2234223b66756c6c5f6e616d657c733a31303a22537570657261646d696e223b757365726e616d657c733a31303a22537570657261646d696e223b6964726f6c657c733a313a2231223b666f746f7c733a31393a22666f746f5f313734353538383838382e706e67223b),
	('ldovtqc9sto5of79iunv74q5dm69pqps', '::1', 1747812297, _binary 0x5f5f63695f6c6173745f726567656e65726174657c693a313734373831323239373b6c6f676765645f696e7c623a313b6964757365727c733a313a2234223b66756c6c5f6e616d657c733a31303a22537570657261646d696e223b757365726e616d657c733a31303a22537570657261646d696e223b6964726f6c657c733a313a2231223b666f746f7c733a31393a22666f746f5f313734353538383838382e706e67223b),
	('ljufh9lo7vg6nr83vi8kqgpbtj5932hb', '::1', 1747239572, _binary 0x5f5f63695f6c6173745f726567656e65726174657c693a313734373233393537323b6c6f676765645f696e7c623a313b6964757365727c733a313a2234223b66756c6c5f6e616d657c733a31303a22537570657261646d696e223b757365726e616d657c733a31303a22537570657261646d696e223b6964726f6c657c733a313a2231223b666f746f7c733a31393a22666f746f5f313734353538383838382e706e67223b),
	('lm7jhkmii8phb324oc7jeie74e3i02s9', '::1', 1747460806, _binary 0x5f5f63695f6c6173745f726567656e65726174657c693a313734373436303830363b6c6f676765645f696e7c623a313b6964757365727c733a313a2234223b66756c6c5f6e616d657c733a31303a22537570657261646d696e223b757365726e616d657c733a31303a22537570657261646d696e223b6964726f6c657c733a313a2231223b666f746f7c733a31393a22666f746f5f313734353538383838382e706e67223b),
	('lnkuhuc9fvm3g4mc4fdqbe90o1siuvbd', '::1', 1747361999, _binary 0x5f5f63695f6c6173745f726567656e65726174657c693a313734373336313939393b6c6f676765645f696e7c623a313b6964757365727c733a313a2234223b66756c6c5f6e616d657c733a31303a22537570657261646d696e223b757365726e616d657c733a31303a22537570657261646d696e223b6964726f6c657c733a313a2231223b666f746f7c733a31393a22666f746f5f313734353538383838382e706e67223b),
	('lqvatcgro6uuk0i2t7qtsve39civulsf', '::1', 1747811485, _binary 0x5f5f63695f6c6173745f726567656e65726174657c693a313734373831313438353b6c6f676765645f696e7c623a313b6964757365727c733a313a2234223b66756c6c5f6e616d657c733a31303a22537570657261646d696e223b757365726e616d657c733a31303a22537570657261646d696e223b6964726f6c657c733a313a2231223b666f746f7c733a31393a22666f746f5f313734353538383838382e706e67223b),
	('lqvcg6mpuf9e8npbpnb6rfb2imejv2sf', '::1', 1747212054, _binary 0x5f5f63695f6c6173745f726567656e65726174657c693a313734373231323035343b6c6f676765645f696e7c623a313b6964757365727c733a313a2234223b66756c6c5f6e616d657c733a31303a22537570657261646d696e223b757365726e616d657c733a31303a22537570657261646d696e223b6964726f6c657c733a313a2231223b666f746f7c733a31393a22666f746f5f313734353538383838382e706e67223b),
	('m92n8ubvumdshjs3mdcmvqdej4kae449', '::1', 1747246636, _binary 0x5f5f63695f6c6173745f726567656e65726174657c693a313734373234363633363b6c6f676765645f696e7c623a313b6964757365727c733a313a2234223b66756c6c5f6e616d657c733a31303a22537570657261646d696e223b757365726e616d657c733a31303a22537570657261646d696e223b6964726f6c657c733a313a2231223b666f746f7c733a31393a22666f746f5f313734353538383838382e706e67223b),
	('mf5jatrqpjn47fakhk9pffp9nthoahv9', '::1', 1747232098, _binary 0x5f5f63695f6c6173745f726567656e65726174657c693a313734373233323039383b6c6f676765645f696e7c623a313b6964757365727c733a313a2234223b66756c6c5f6e616d657c733a31303a22537570657261646d696e223b757365726e616d657c733a31303a22537570657261646d696e223b6964726f6c657c733a313a2231223b666f746f7c733a31393a22666f746f5f313734353538383838382e706e67223b),
	('mg5250crh0qglpftb64kk0lt8hss10q9', '::1', 1747380665, _binary 0x5f5f63695f6c6173745f726567656e65726174657c693a313734373338303636353b6c6f676765645f696e7c623a313b6964757365727c733a313a2234223b66756c6c5f6e616d657c733a31303a22537570657261646d696e223b757365726e616d657c733a31303a22537570657261646d696e223b6964726f6c657c733a313a2231223b666f746f7c733a31393a22666f746f5f313734353538383838382e706e67223b),
	('nf3q36v0a32kop1g40jdq69l0r5bthma', '::1', 1747882891, _binary 0x5f5f63695f6c6173745f726567656e65726174657c693a313734373838323839313b6c6f676765645f696e7c623a313b6964757365727c733a313a2234223b66756c6c5f6e616d657c733a31303a22537570657261646d696e223b757365726e616d657c733a31303a22537570657261646d696e223b6964726f6c657c733a313a2231223b666f746f7c733a31393a22666f746f5f313734353538383838382e706e67223b),
	('np5qetkevn6lb42hdmdr6212an2mu5dh', '::1', 1747204230, _binary 0x5f5f63695f6c6173745f726567656e65726174657c693a313734373230343233303b6c6f676765645f696e7c623a313b6964757365727c733a313a2234223b66756c6c5f6e616d657c733a31303a22537570657261646d696e223b757365726e616d657c733a31303a22537570657261646d696e223b6964726f6c657c733a313a2231223b666f746f7c733a31393a22666f746f5f313734353538383838382e706e67223b),
	('o1vsputjm0m4tkogt35cgq6e7icbnr9q', '::1', 1747246301, _binary 0x5f5f63695f6c6173745f726567656e65726174657c693a313734373234363330313b6c6f676765645f696e7c623a313b6964757365727c733a313a2234223b66756c6c5f6e616d657c733a31303a22537570657261646d696e223b757365726e616d657c733a31303a22537570657261646d696e223b6964726f6c657c733a313a2231223b666f746f7c733a31393a22666f746f5f313734353538383838382e706e67223b),
	('o298k8r7jhu3k33h598v1egn2oukjvp5', '::1', 1747349320, _binary 0x5f5f63695f6c6173745f726567656e65726174657c693a313734373334393332303b6c6f676765645f696e7c623a313b6964757365727c733a313a2234223b66756c6c5f6e616d657c733a31303a22537570657261646d696e223b757365726e616d657c733a31303a22537570657261646d696e223b6964726f6c657c733a313a2231223b666f746f7c733a31393a22666f746f5f313734353538383838382e706e67223b),
	('oe053at8rd6p6ho5rsm7rbbeis5ivc6v', '::1', 1747379412, _binary 0x5f5f63695f6c6173745f726567656e65726174657c693a313734373337393431323b6c6f676765645f696e7c623a313b6964757365727c733a313a2234223b66756c6c5f6e616d657c733a31303a22537570657261646d696e223b757365726e616d657c733a31303a22537570657261646d696e223b6964726f6c657c733a313a2231223b666f746f7c733a31393a22666f746f5f313734353538383838382e706e67223b),
	('oudaf8fd13pdj5q27lnbn2u1dagf00bl', '::1', 1747244820, _binary 0x5f5f63695f6c6173745f726567656e65726174657c693a313734373234343832303b6c6f676765645f696e7c623a313b6964757365727c733a313a2234223b66756c6c5f6e616d657c733a31303a22537570657261646d696e223b757365726e616d657c733a31303a22537570657261646d696e223b6964726f6c657c733a313a2231223b666f746f7c733a31393a22666f746f5f313734353538383838382e706e67223b),
	('pg9c42fq9l60thjh2rnljes31em2tr2q', '::1', 1747282742, _binary 0x5f5f63695f6c6173745f726567656e65726174657c693a313734373238323734323b6c6f676765645f696e7c623a313b6964757365727c733a313a2234223b66756c6c5f6e616d657c733a31303a22537570657261646d696e223b757365726e616d657c733a31303a22537570657261646d696e223b6964726f6c657c733a313a2231223b666f746f7c733a31393a22666f746f5f313734353538383838382e706e67223b),
	('q0kkvuhhav44ijihfrn63qnjgkb1djqr', '::1', 1747212862, _binary 0x5f5f63695f6c6173745f726567656e65726174657c693a313734373231323836323b6c6f676765645f696e7c623a313b6964757365727c733a313a2234223b66756c6c5f6e616d657c733a31303a22537570657261646d696e223b757365726e616d657c733a31303a22537570657261646d696e223b6964726f6c657c733a313a2231223b666f746f7c733a31393a22666f746f5f313734353538383838382e706e67223b),
	('q0ocs8v9no71ij2ugd3m5ktvmqtgldnq', '::1', 1747377607, _binary 0x5f5f63695f6c6173745f726567656e65726174657c693a313734373337373630373b6c6f676765645f696e7c623a313b6964757365727c733a313a2234223b66756c6c5f6e616d657c733a31303a22537570657261646d696e223b757365726e616d657c733a31303a22537570657261646d696e223b6964726f6c657c733a313a2231223b666f746f7c733a31393a22666f746f5f313734353538383838382e706e67223b),
	('q4hur7arhlfnr9m84i212a0m54jvmso7', '::1', 1747233050, _binary 0x5f5f63695f6c6173745f726567656e65726174657c693a313734373233333035303b6c6f676765645f696e7c623a313b6964757365727c733a313a2234223b66756c6c5f6e616d657c733a31303a22537570657261646d696e223b757365726e616d657c733a31303a22537570657261646d696e223b6964726f6c657c733a313a2231223b666f746f7c733a31393a22666f746f5f313734353538383838382e706e67223b),
	('qb0sf59gon9u22dnv38qti5pepaka77n', '::1', 1747297996, _binary 0x5f5f63695f6c6173745f726567656e65726174657c693a313734373239373939363b6c6f676765645f696e7c623a313b6964757365727c733a313a2234223b66756c6c5f6e616d657c733a31303a22537570657261646d696e223b757365726e616d657c733a31303a22537570657261646d696e223b6964726f6c657c733a313a2231223b666f746f7c733a31393a22666f746f5f313734353538383838382e706e67223b),
	('qnk504huj8m54s0k4tvl7i7u6efe02cp', '::1', 1747205161, _binary 0x5f5f63695f6c6173745f726567656e65726174657c693a313734373230353136313b6c6f676765645f696e7c623a313b6964757365727c733a313a2234223b66756c6c5f6e616d657c733a31303a22537570657261646d696e223b757365726e616d657c733a31303a22537570657261646d696e223b6964726f6c657c733a313a2231223b666f746f7c733a31393a22666f746f5f313734353538383838382e706e67223b),
	('qqt9nu8kgp1he98jlg4uanni1nhsr4ur', '::1', 1747362752, _binary 0x5f5f63695f6c6173745f726567656e65726174657c693a313734373336323735323b6c6f676765645f696e7c623a313b6964757365727c733a313a2234223b66756c6c5f6e616d657c733a31303a22537570657261646d696e223b757365726e616d657c733a31303a22537570657261646d696e223b6964726f6c657c733a313a2231223b666f746f7c733a31393a22666f746f5f313734353538383838382e706e67223b),
	('r32dvr37ct6jp9s3g3gmrl7qcc2966h4', '::1', 1747213562, _binary 0x5f5f63695f6c6173745f726567656e65726174657c693a313734373231333536323b6c6f676765645f696e7c623a313b6964757365727c733a313a2234223b66756c6c5f6e616d657c733a31303a22537570657261646d696e223b757365726e616d657c733a31303a22537570657261646d696e223b6964726f6c657c733a313a2231223b666f746f7c733a31393a22666f746f5f313734353538383838382e706e67223b),
	('r44e7ucel5lp0eo35aniieeovmd0ftgi', '127.0.0.1', 1747625107, _binary 0x5f5f63695f6c6173745f726567656e65726174657c693a313734373632353130373b6c6f676765645f696e7c623a313b6964757365727c733a313a2234223b66756c6c5f6e616d657c733a31303a22537570657261646d696e223b757365726e616d657c733a31303a22537570657261646d696e223b6964726f6c657c733a313a2231223b666f746f7c733a31393a22666f746f5f313734353538383838382e706e67223b),
	('r6ge0orlloqtqca5ai4gn9k46c0vjd97', '::1', 1747280944, _binary 0x5f5f63695f6c6173745f726567656e65726174657c693a313734373238303934343b6c6f676765645f696e7c623a313b6964757365727c733a313a2234223b66756c6c5f6e616d657c733a31303a22537570657261646d696e223b757365726e616d657c733a31303a22537570657261646d696e223b6964726f6c657c733a313a2231223b666f746f7c733a31393a22666f746f5f313734353538383838382e706e67223b),
	('r98tfv824cb83eh9iumi8obcpc5i04hn', '::1', 1747247459, _binary 0x5f5f63695f6c6173745f726567656e65726174657c693a313734373234373435393b6c6f676765645f696e7c623a313b6964757365727c733a313a2234223b66756c6c5f6e616d657c733a31303a22537570657261646d696e223b757365726e616d657c733a31303a22537570657261646d696e223b6964726f6c657c733a313a2231223b666f746f7c733a31393a22666f746f5f313734353538383838382e706e67223b),
	('rd7igfhe8a46j67t6kgq0sg68hfdbg1m', '::1', 1747452805, _binary 0x5f5f63695f6c6173745f726567656e65726174657c693a313734373435323830353b6c6f676765645f696e7c623a313b6964757365727c733a313a2234223b66756c6c5f6e616d657c733a31303a22537570657261646d696e223b757365726e616d657c733a31303a22537570657261646d696e223b6964726f6c657c733a313a2231223b666f746f7c733a31393a22666f746f5f313734353538383838382e706e67223b),
	('roosd84r4c8ii17nos8clh71ki250av1', '::1', 1747348986, _binary 0x5f5f63695f6c6173745f726567656e65726174657c693a313734373334383938363b6c6f676765645f696e7c623a313b6964757365727c733a313a2234223b66756c6c5f6e616d657c733a31303a22537570657261646d696e223b757365726e616d657c733a31303a22537570657261646d696e223b6964726f6c657c733a313a2231223b666f746f7c733a31393a22666f746f5f313734353538383838382e706e67223b),
	('rr9mlss47h5nvnp5p0gq6gpmkv8kstcg', '::1', 1747233466, _binary 0x5f5f63695f6c6173745f726567656e65726174657c693a313734373233333436363b6c6f676765645f696e7c623a313b6964757365727c733a313a2234223b66756c6c5f6e616d657c733a31303a22537570657261646d696e223b757365726e616d657c733a31303a22537570657261646d696e223b6964726f6c657c733a313a2231223b666f746f7c733a31393a22666f746f5f313734353538383838382e706e67223b),
	('s1ijfk2h7npnqubfvmfbuofn9lhoo1g2', '::1', 1747888084, _binary 0x5f5f63695f6c6173745f726567656e65726174657c693a313734373838383038343b6c6f676765645f696e7c623a313b6964757365727c733a313a2234223b66756c6c5f6e616d657c733a31303a22537570657261646d696e223b757365726e616d657c733a31303a22537570657261646d696e223b6964726f6c657c733a313a2231223b666f746f7c733a31393a22666f746f5f313734353538383838382e706e67223b),
	('s3pvcsn71o3vej8kkdijkt4ev80au03n', '::1', 1747376876, _binary 0x5f5f63695f6c6173745f726567656e65726174657c693a313734373337363837363b6c6f676765645f696e7c623a313b6964757365727c733a313a2234223b66756c6c5f6e616d657c733a31303a22537570657261646d696e223b757365726e616d657c733a31303a22537570657261646d696e223b6964726f6c657c733a313a2231223b666f746f7c733a31393a22666f746f5f313734353538383838382e706e67223b737563636573737c733a32393a2256616c69646173692070656e676972696d616e20626572686173696c2e223b5f5f63695f766172737c613a313a7b733a373a2273756363657373223b733a333a226f6c64223b7d),
	('s8hoafjr639up8efkv2g8o1b0eaqm9en', '::1', 1747369472, _binary 0x5f5f63695f6c6173745f726567656e65726174657c693a313734373336393437323b6c6f676765645f696e7c623a313b6964757365727c733a313a2234223b66756c6c5f6e616d657c733a31303a22537570657261646d696e223b757365726e616d657c733a31303a22537570657261646d696e223b6964726f6c657c733a313a2231223b666f746f7c733a31393a22666f746f5f313734353538383838382e706e67223b),
	('sbbiafev0g5740qq5h7h159g3ui391o5', '::1', 1747451858, _binary 0x5f5f63695f6c6173745f726567656e65726174657c693a313734373435313835383b6c6f676765645f696e7c623a313b6964757365727c733a313a2234223b66756c6c5f6e616d657c733a31303a22537570657261646d696e223b757365726e616d657c733a31303a22537570657261646d696e223b6964726f6c657c733a313a2231223b666f746f7c733a31393a22666f746f5f313734353538383838382e706e67223b),
	('sjs086ljfcq0fttq4acnkjn11s69l172', '::1', 1747462117, _binary 0x5f5f63695f6c6173745f726567656e65726174657c693a313734373436323131373b6c6f676765645f696e7c623a313b6964757365727c733a313a2234223b66756c6c5f6e616d657c733a31303a22537570657261646d696e223b757365726e616d657c733a31303a22537570657261646d696e223b6964726f6c657c733a313a2231223b666f746f7c733a31393a22666f746f5f313734353538383838382e706e67223b),
	('t9f72gakc1pfgg2h7co7v9dita7v29d7', '::1', 1747883795, _binary 0x5f5f63695f6c6173745f726567656e65726174657c693a313734373838333739353b6c6f676765645f696e7c623a313b6964757365727c733a313a2234223b66756c6c5f6e616d657c733a31303a22537570657261646d696e223b757365726e616d657c733a31303a22537570657261646d696e223b6964726f6c657c733a313a2231223b666f746f7c733a31393a22666f746f5f313734353538383838382e706e67223b),
	('tb1ruv5rhntpi6vmr5atctaqgniru1kh', '::1', 1747635068, _binary 0x5f5f63695f6c6173745f726567656e65726174657c693a313734373633353036383b6c6f676765645f696e7c623a313b6964757365727c733a313a2234223b66756c6c5f6e616d657c733a31303a22537570657261646d696e223b757365726e616d657c733a31303a22537570657261646d696e223b6964726f6c657c733a313a2231223b666f746f7c733a31393a22666f746f5f313734353538383838382e706e67223b),
	('u0616gfpkq7r5ui6hudqan1606bc445a', '::1', 1747452343, _binary 0x5f5f63695f6c6173745f726567656e65726174657c693a313734373435323334333b6c6f676765645f696e7c623a313b6964757365727c733a313a2234223b66756c6c5f6e616d657c733a31303a22537570657261646d696e223b757365726e616d657c733a31303a22537570657261646d696e223b6964726f6c657c733a313a2231223b666f746f7c733a31393a22666f746f5f313734353538383838382e706e67223b),
	('u4v308cchhqdte5p45bptfqueljot6bn', '::1', 1747461545, _binary 0x5f5f63695f6c6173745f726567656e65726174657c693a313734373436313534353b6c6f676765645f696e7c623a313b6964757365727c733a313a2234223b66756c6c5f6e616d657c733a31303a22537570657261646d696e223b757365726e616d657c733a31303a22537570657261646d696e223b6964726f6c657c733a313a2231223b666f746f7c733a31393a22666f746f5f313734353538383838382e706e67223b),
	('u8vbv34f4uehpkrcq0q4uglmiso6beng', '::1', 1747299638, _binary 0x5f5f63695f6c6173745f726567656e65726174657c693a313734373239393633383b6c6f676765645f696e7c623a313b6964757365727c733a313a2234223b66756c6c5f6e616d657c733a31303a22537570657261646d696e223b757365726e616d657c733a31303a22537570657261646d696e223b6964726f6c657c733a313a2231223b666f746f7c733a31393a22666f746f5f313734353538383838382e706e67223b),
	('ub1hj78k9b10umbtjajenv5a8ma89736', '::1', 1747444167, _binary 0x5f5f63695f6c6173745f726567656e65726174657c693a313734373434343136373b6c6f676765645f696e7c623a313b6964757365727c733a313a2234223b66756c6c5f6e616d657c733a31303a22537570657261646d696e223b757365726e616d657c733a31303a22537570657261646d696e223b6964726f6c657c733a313a2231223b666f746f7c733a31393a22666f746f5f313734353538383838382e706e67223b),
	('uk3m3aqub9pp7porbfluf9o23h5sl6j5', '::1', 1747300319, _binary 0x5f5f63695f6c6173745f726567656e65726174657c693a313734373330303331393b6c6f676765645f696e7c623a313b6964757365727c733a313a2234223b66756c6c5f6e616d657c733a31303a22537570657261646d696e223b757365726e616d657c733a31303a22537570657261646d696e223b6964726f6c657c733a313a2231223b666f746f7c733a31393a22666f746f5f313734353538383838382e706e67223b737563636573737c733a33303a2250726f677265737320626572686173696c20646974616d6261686b616e2e223b5f5f63695f766172737c613a313a7b733a373a2273756363657373223b733a333a226f6c64223b7d),
	('v61ff0fh8bpj1lunhjb8hel162mdsvmf', '::1', 1747237195, _binary 0x5f5f63695f6c6173745f726567656e65726174657c693a313734373233373139353b6c6f676765645f696e7c623a313b6964757365727c733a313a2234223b66756c6c5f6e616d657c733a31303a22537570657261646d696e223b757365726e616d657c733a31303a22537570657261646d696e223b6964726f6c657c733a313a2231223b666f746f7c733a31393a22666f746f5f313734353538383838382e706e67223b),
	('v6m569nohhquu8sm4lkvvopn7hu7qctp', '::1', 1747233848, _binary 0x5f5f63695f6c6173745f726567656e65726174657c693a313734373233333834383b6c6f676765645f696e7c623a313b6964757365727c733a313a2234223b66756c6c5f6e616d657c733a31303a22537570657261646d696e223b757365726e616d657c733a31303a22537570657261646d696e223b6964726f6c657c733a313a2231223b666f746f7c733a31393a22666f746f5f313734353538383838382e706e67223b),
	('v9ai6ai0rejf65d9c8lglihiuf72r5lb', '::1', 1747445183, _binary 0x5f5f63695f6c6173745f726567656e65726174657c693a313734373434353138333b6c6f676765645f696e7c623a313b6964757365727c733a313a2234223b66756c6c5f6e616d657c733a31303a22537570657261646d696e223b757365726e616d657c733a31303a22537570657261646d696e223b6964726f6c657c733a313a2231223b666f746f7c733a31393a22666f746f5f313734353538383838382e706e67223b),
	('vc3oujfdfhkd6lb862gjnp9d4o71nb2d', '::1', 1747645561, _binary 0x5f5f63695f6c6173745f726567656e65726174657c693a313734373634353536313b6c6f676765645f696e7c623a313b6964757365727c733a313a2234223b66756c6c5f6e616d657c733a31303a22537570657261646d696e223b757365726e616d657c733a31303a22537570657261646d696e223b6964726f6c657c733a313a2231223b666f746f7c733a31393a22666f746f5f313734353538383838382e706e67223b),
	('vvf8acuhjko15f69ta7ntnpf5ia3o8rf', '::1', 1747711066, _binary 0x5f5f63695f6c6173745f726567656e65726174657c693a313734373731313036363b6c6f676765645f696e7c623a313b6964757365727c733a313a2234223b66756c6c5f6e616d657c733a31303a22537570657261646d696e223b757365726e616d657c733a31303a22537570657261646d696e223b6964726f6c657c733a313a2231223b666f746f7c733a31393a22666f746f5f313734353538383838382e706e67223b);

-- Dumping structure for table db_astawms.customer
CREATE TABLE IF NOT EXISTS `customer` (
  `idcustomer` int NOT NULL AUTO_INCREMENT,
  `name_customer` varchar(50) COLLATE armscii8_bin DEFAULT NULL,
  `email` varchar(50) COLLATE armscii8_bin DEFAULT NULL,
  `handphone` int DEFAULT NULL,
  `foto` varchar(50) COLLATE armscii8_bin DEFAULT NULL,
  `created_by` varchar(50) COLLATE armscii8_bin DEFAULT NULL,
  `created_date` datetime DEFAULT NULL,
  `update_by` varchar(50) COLLATE armscii8_bin DEFAULT NULL,
  `update_date` datetime DEFAULT NULL,
  `status` int DEFAULT NULL,
  PRIMARY KEY (`idcustomer`)
) ENGINE=InnoDB DEFAULT CHARSET=armscii8 COLLATE=armscii8_bin;

-- Dumping data for table db_astawms.customer: ~0 rows (approximately)

-- Dumping structure for table db_astawms.delivery_note
CREATE TABLE IF NOT EXISTS `delivery_note` (
  `iddelivery_note` int NOT NULL AUTO_INCREMENT,
  `no_manual` varchar(200) CHARACTER SET armscii8 COLLATE armscii8_bin NOT NULL,
  `foto` varchar(200) CHARACTER SET armscii8 COLLATE armscii8_bin NOT NULL,
  `send_date` datetime NOT NULL,
  `iduser` int NOT NULL,
  `created_by` varchar(200) CHARACTER SET armscii8 COLLATE armscii8_bin NOT NULL,
  `created_date` datetime NOT NULL,
  `updated_by` varchar(200) CHARACTER SET armscii8 COLLATE armscii8_bin NOT NULL,
  `updated_date` datetime NOT NULL,
  `kategori` int NOT NULL DEFAULT '1',
  `status` int NOT NULL,
  PRIMARY KEY (`iddelivery_note`)
) ENGINE=InnoDB AUTO_INCREMENT=44 DEFAULT CHARSET=armscii8 COLLATE=armscii8_bin;

-- Dumping data for table db_astawms.delivery_note: ~3 rows (approximately)
REPLACE INTO `delivery_note` (`iddelivery_note`, `no_manual`, `foto`, `send_date`, `iduser`, `created_by`, `created_date`, `updated_by`, `updated_date`, `kategori`, `status`) VALUES
	(31, 'test01', 'surat_jalan_1747645570.jpeg', '2025-05-19 16:06:10', 4, 'Superadmin', '2025-05-19 16:06:10', 'Superadmin', '2025-05-19 16:06:10', 1, 1),
	(32, 'test02', 'surat_jalan_1747646019.jpeg', '2025-05-19 16:13:39', 4, 'Superadmin', '2025-05-19 16:13:39', 'Superadmin', '2025-05-19 16:13:39', 1, 1),
	(33, 'test03', 'surat_jalan_1747646225.png', '2025-05-19 16:17:05', 4, 'Superadmin', '2025-05-19 16:17:05', 'Superadmin', '2025-05-19 16:17:05', 1, 1),
	(34, 'test04', 'surat_jalan_1747711083.jpeg', '2025-05-20 10:18:03', 4, 'Superadmin', '2025-05-20 10:18:03', 'Superadmin', '2025-05-20 10:18:03', 1, 1),
	(35, 'test05', 'surat_jalan_1747748151.png', '2025-05-20 20:35:51', 4, 'Superadmin', '2025-05-20 20:35:51', 'Superadmin', '2025-05-20 20:35:51', 1, 1),
	(36, 'test06', 'surat_jalan_1747801560.png', '2025-05-21 11:26:00', 4, 'Superadmin', '2025-05-21 11:26:00', 'Superadmin', '2025-05-21 11:26:00', 1, 1),
	(37, 'test07', 'surat_jalan_1747810077.png', '2025-05-21 13:47:57', 4, 'Superadmin', '2025-05-21 13:47:57', 'Superadmin', '2025-05-21 13:47:57', 1, 1),
	(38, 'test08', 'surat_jalan_1747812312.png', '2025-05-21 14:25:12', 4, 'Superadmin', '2025-05-21 14:25:12', 'Superadmin', '2025-05-21 14:25:12', 1, 1),
	(39, 'test09', 'surat_jalan_1747814035.png', '2025-05-21 14:53:55', 4, 'Superadmin', '2025-05-21 14:53:55', 'Superadmin', '2025-05-21 14:53:55', 1, 1),
	(40, 'test10', 'surat_jalan_1747814676.jpg', '2025-05-21 15:04:36', 4, 'Superadmin', '2025-05-21 15:04:36', 'Superadmin', '2025-05-21 15:04:36', 1, 1),
	(41, 'test11', 'surat_jalan_1747882939.jpg', '2025-05-22 10:02:19', 4, 'Superadmin', '2025-05-22 10:02:19', 'Superadmin', '2025-05-22 10:02:19', 1, 1),
	(42, 'test01', 'surat_jalan_1747883813.jpg', '2025-05-22 10:16:53', 4, 'Superadmin', '2025-05-22 10:16:53', 'Superadmin', '2025-05-22 10:16:53', 2, 1),
	(43, 'test12', 'surat_jalan_1747890078.jpg', '2025-05-22 12:01:18', 4, 'Superadmin', '2025-05-22 12:01:18', 'Superadmin', '2025-05-22 12:01:18', 1, 1);

-- Dumping structure for table db_astawms.delivery_note_log
CREATE TABLE IF NOT EXISTS `delivery_note_log` (
  `iddelivery_note_log` int NOT NULL AUTO_INCREMENT,
  `iddelivery_note` int NOT NULL,
  `progress` int NOT NULL,
  `description` varchar(255) COLLATE armscii8_bin DEFAULT NULL,
  `created_by` varchar(50) COLLATE armscii8_bin NOT NULL DEFAULT '',
  `created_date` datetime NOT NULL,
  `status` varchar(50) COLLATE armscii8_bin NOT NULL,
  PRIMARY KEY (`iddelivery_note_log`) USING BTREE,
  KEY `iddelivery_note` (`iddelivery_note`),
  CONSTRAINT `delivery_note_log_ibfk_1` FOREIGN KEY (`iddelivery_note`) REFERENCES `delivery_note` (`iddelivery_note`) ON DELETE CASCADE
) ENGINE=InnoDB AUTO_INCREMENT=23 DEFAULT CHARSET=armscii8 COLLATE=armscii8_bin;

-- Dumping data for table db_astawms.delivery_note_log: ~3 rows (approximately)
REPLACE INTO `delivery_note_log` (`iddelivery_note_log`, `iddelivery_note`, `progress`, `description`, `created_by`, `created_date`, `status`) VALUES
	(1, 31, 1, 'Verifikasi Pengiriman', 'Superadmin', '2025-05-19 16:06:10', '1'),
	(2, 32, 1, 'Verifikasi Pengiriman', 'Superadmin', '2025-05-19 16:13:39', '1'),
	(3, 33, 1, 'Verifikasi Pengiriman', 'Superadmin', '2025-05-19 16:17:05', '1'),
	(4, 34, 1, 'Verifikasi Pengiriman', 'Superadmin', '2025-05-20 10:18:03', '1'),
	(5, 35, 1, 'Verifikasi Pengiriman', 'Superadmin', '2025-05-20 20:35:51', '1'),
	(6, 36, 1, 'Verifikasi Pengiriman', 'Superadmin', '2025-05-21 11:26:00', '1'),
	(7, 37, 1, 'Verifikasi Pengiriman', 'Superadmin', '2025-05-21 13:47:57', '1'),
	(8, 31, 2, 'Pengiriman Diproses', 'Superadmin', '2025-05-21 14:11:25', '1'),
	(9, 31, 3, 'Pengiriman Divalidasi', 'Superadmin', '2025-05-21 14:11:32', '1'),
	(10, 38, 1, 'Verifikasi Pengiriman', 'Superadmin', '2025-05-21 14:25:12', '1'),
	(11, 32, 2, 'Pengiriman Diproses', 'Superadmin', '2025-05-21 14:29:19', '1'),
	(12, 32, 3, 'Pengiriman Divalidasi', 'Superadmin', '2025-05-21 14:29:25', '1'),
	(13, 31, 4, 'Pengiriman Divalidasi', 'Superadmin', '2025-05-21 14:50:20', '1'),
	(14, 39, 1, 'Verifikasi Pengiriman', 'Superadmin', '2025-05-21 14:53:55', '1'),
	(15, 40, 1, 'Verifikasi Pengiriman', 'Superadmin', '2025-05-21 15:04:36', '1'),
	(16, 32, 4, 'Pengiriman Selesai', 'Superadmin', '2025-05-22 09:47:56', '1'),
	(17, 41, 1, 'Verifikasi Pengiriman', 'Superadmin', '2025-05-22 10:02:19', '1'),
	(18, 42, 1, 'Verifikasi Pengiriman', 'Superadmin', '2025-05-22 10:16:53', '1'),
	(19, 42, 2, 'Pengiriman Diproses', 'Superadmin', '2025-05-22 10:48:29', '1'),
	(20, 42, 3, 'Pengiriman Divalidasi', 'Superadmin', '2025-05-22 10:48:32', '1'),
	(21, 42, 4, 'Pengiriman Final', 'Superadmin', '2025-05-22 10:48:36', '1'),
	(22, 43, 1, 'Verifikasi Pengiriman', 'Superadmin', '2025-05-22 12:01:18', '1');

-- Dumping structure for table db_astawms.detail_instock
CREATE TABLE IF NOT EXISTS `detail_instock` (
  `iddetail_instock` int NOT NULL AUTO_INCREMENT,
  `instock_code` varchar(200) CHARACTER SET utf8mb4 COLLATE utf8mb4_general_ci DEFAULT NULL,
  `sku` varchar(200) CHARACTER SET utf8mb4 COLLATE utf8mb4_general_ci DEFAULT NULL,
  `nama_produk` varchar(200) CHARACTER SET utf8mb4 COLLATE utf8mb4_general_ci DEFAULT NULL,
  `jumlah` int DEFAULT NULL,
  `sisa` int DEFAULT NULL,
  `keterangan` varchar(200) CHARACTER SET utf8mb4 COLLATE utf8mb4_general_ci DEFAULT NULL,
  PRIMARY KEY (`iddetail_instock`)
) ENGINE=InnoDB AUTO_INCREMENT=23 DEFAULT CHARSET=utf8mb4 COLLATE=utf8mb4_general_ci;

-- Dumping data for table db_astawms.detail_instock: ~13 rows (approximately)
REPLACE INTO `detail_instock` (`iddetail_instock`, `instock_code`, `sku`, `nama_produk`, `jumlah`, `sisa`, `keterangan`) VALUES
	(9, 'TSC20250513000247', 'AECK-0101', 'Cempal Kotak White Beige - Asta', 10, 0, ''),
	(10, 'TSC20250513000247', 'AECO-0101', 'Cempal Oval Flower Green - Asta', 10, 0, ''),
	(11, 'TSC20250515005738', 'AECK-0101', 'Cempal Kotak White Beige - Asta', 10, 0, '15/05/2025'),
	(12, 'TSC20250515005738', 'AECO-0101', 'Cempal Oval Flower Green - Asta', 5, 0, '15/05/2025'),
	(13, 'TSC20250515013832', 'AECO-0101', 'Cempal Oval Flower Green - Asta', 10, 0, ''),
	(14, 'TSC20250515014125', 'AECK-0101', 'Cempal Kotak White Beige - Asta', 10, 0, ''),
	(15, 'TSC20250515014125', 'AECO-0101', 'Cempal Oval Flower Green - Asta', 10, 0, ''),
	(16, 'TSC20250515094057', 'AECK-0101', 'Cempal Kotak White Beige - Asta', 120, 0, ''),
	(17, 'TSC20250516150811', 'AECK-0101', 'Cempal Kotak White Beige - Asta', 10, 0, ''),
	(18, 'TSC20250516150811', 'AECO-0101', 'Cempal Oval Flower Green - Asta', 10, 0, ''),
	(19, 'TSC20250517102701', 'AECK-0101', 'Cempal Kotak White Beige - Asta', 10, 0, ''),
	(20, 'TSC20250517102701', 'AECO-0101', 'Cempal Oval Flower Green - Asta', 10, 0, ''),
	(21, 'TSC20250517103407', 'AECK-0101', 'Cempal Kotak White Beige - Asta', 1, 0, ''),
	(22, 'TSC20250517104512', 'AECK-0101', 'Cempal Kotak White Beige - Asta', 10, 0, '');

-- Dumping structure for table db_astawms.detail_outstock
CREATE TABLE IF NOT EXISTS `detail_outstock` (
  `iddetail_outstock` int NOT NULL AUTO_INCREMENT,
  `outstock_code` varchar(200) CHARACTER SET utf8mb4 COLLATE utf8mb4_general_ci DEFAULT NULL,
  `sku` varchar(200) CHARACTER SET utf8mb4 COLLATE utf8mb4_general_ci DEFAULT NULL,
  `nama_produk` varchar(200) CHARACTER SET utf8mb4 COLLATE utf8mb4_general_ci DEFAULT NULL,
  `jumlah` int DEFAULT NULL,
  `sisa` int DEFAULT NULL,
  `keterangan` varchar(200) CHARACTER SET utf8mb4 COLLATE utf8mb4_general_ci DEFAULT NULL,
  PRIMARY KEY (`iddetail_outstock`)
) ENGINE=InnoDB AUTO_INCREMENT=627 DEFAULT CHARSET=utf8mb4 COLLATE=utf8mb4_general_ci;

-- Dumping data for table db_astawms.detail_outstock: ~620 rows (approximately)
REPLACE INTO `detail_outstock` (`iddetail_outstock`, `outstock_code`, `sku`, `nama_produk`, `jumlah`, `sisa`, `keterangan`) VALUES
	(1, 'TSC20250429134445', 'TBKD-935-YL08A', 'Grande Kid Yellow', 1, -1, '17/04/2025'),
	(2, 'TSC20250429134445', 'ROSM-12', 'Gelas Mug Stainless Steel Mug 12 cm', 1, -1, '17/04/2025'),
	(3, 'TSC20250429134445', 'ROOS-01', 'Oil Strainer / Saringan Minyak 18 cm', 1, -1, '17/04/2025'),
	(4, 'TSC20250429134445', 'ASWS-04', 'Spatula / Sutil Sode Kayu / Spatula kayu', 2, -2, '17/04/2025'),
	(5, 'TSC20250429134445', 'ASMB-36', 'Baskom Mangkok Stainless Steel Mixing Bowl Tebal Food Grade 36 cm', 2, -2, '17/04/2025'),
	(6, 'TSC20250429134445', 'ASFF-SS', 'Sendok Irus Sop Laddie Stainless', 12, -12, '17/04/2025'),
	(7, 'TSC20250429134445', 'ASCW-01', 'Wajan Penggorengan Stainless Steel Chef Wok 32 Cm', 2, -2, '17/04/2025'),
	(8, 'TSC20250429134445', 'ROSM-07', 'Gelas Mug Stainless Steel Mug 7 cm ( Tanpa Tutup )', 1, -1, '17/04/2025'),
	(9, 'TSC20250429134445', 'ASSP-02', 'Stock Pot 02', 1, -1, '17/04/2025'),
	(10, 'TSC20250429134445', 'ROOP-01', 'Oil Pot Saringan Minyak 1.3 L', 4, -4, '17/04/2025'),
	(11, 'TSC20250429134445', 'ROKS-01', 'Kitchen Scissors Black', 1, -1, '17/04/2025'),
	(12, 'TSC20250429134445', 'BB-ASSP01PC30', 'Stock Pot Steamer Set 30 cm', 3, -3, '17/04/2025'),
	(13, 'TSC20250429134445', 'BB-ASSP01PC25', 'Stock Pot Steamer Set 25 cm', 6, -6, '17/04/2025'),
	(14, 'TSC20250429134445', 'ASOW-30', 'Wajan Penggorengan Stainless Steel Oriental Wok 30 cm', 4, -4, '17/04/2025'),
	(15, 'TSC20250429134445', 'ASOC-04', 'Pelindung Percikan Minyak Oil Spatter 04', 6, -6, '17/04/2025'),
	(16, 'TSC20250429134445', 'ROKE-02', 'Keset Kaki Jerami Super', 2, -2, '17/04/2025'),
	(17, 'TSC20250429134445', 'ROKE-013PCS', 'Keset Kaki Mutiara Super isi 3pcs', 1, -1, '17/04/2025'),
	(18, 'TSC20250429134445', 'ROFF-01G', 'Wadah Saji Prasmanan', 6, -6, '17/04/2025'),
	(19, 'TSC20250429134445', 'BB-ASSP01PC28OF', 'Stock Pot Steamer Set 28 cm defect', 1, -1, '17/04/2025'),
	(20, 'TSC20250429134445', 'BB-ASSP01PC28', 'Stock Pot Steamer Set 28 cm', 2, -2, '17/04/2025'),
	(21, 'TSC20250429134445', 'BB-ASSP01PC23', 'Stock Pot Steamer Set 23 cm', 1, -1, '17/04/2025'),
	(22, 'TSC20250429134445', 'ATFP-02', 'Panci Penggorengan Premium Tognana Fry Pan 24 cm', 1, -1, '17/04/2025'),
	(23, 'TSC20250429134445', 'ATCA-01', 'Panci Casserole Premium Tognana Casserole 24 cm', 1, -1, '17/04/2025'),
	(24, 'TSC20250429134445', 'ASWK-04', 'el / Ceret Air Food Grade Full Stain', 1, -1, '17/04/2025'),
	(25, 'TSC20250429134445', 'ASWK-03CM', 'Teko / Ketel / Ceret Air Food Grade Valentina Whistling Kettle Marble HandleKayu CREAM', 1, -1, '17/04/2025'),
	(26, 'TSC20250429134445', 'ASSR-304', 'Kukusan Steamer Stainless Steel 304', 1, -1, '17/04/2025'),
	(27, 'TSC20250429134445', 'ASSP-04', 'Steamer Pot 2 Susun - Asta', 1, -1, '17/04/2025'),
	(28, 'TSC20250429134445', 'ASPS-01B', 'Marbello Cookware Set Beige - Asta', 1, -1, '17/04/2025'),
	(29, 'TSC20250429134445', 'ASPS01BCARD', 'Marbello Cookware Set Beige + CARD - Asta', 1, -1, '17/04/2025'),
	(30, 'TSC20250429134445', 'ASPS01CARD', 'Marbello Cookware Set + CARD - Asta', 3, -3, '17/04/2025'),
	(31, 'TSC20250429134445', 'ASPS-01', 'Panci Set Marbello Panci Set Lengkap Anti Lengket', 1, -1, '17/04/2025'),
	(32, 'TSC20250429134445', 'ASOW-28', 'Wajan Penggorengan Stainless Steel Oriental Wok 28 cm', 2, -2, '17/04/2025'),
	(33, 'TSC20250429134445', 'ASOW-02', 'Wajan Penggorengan Stainless Steel Oriental Wok 36 Cm', 1, -1, '17/04/2025'),
	(34, 'TSC20250429134445', 'ASOC-03', 'Pelindung Percikan Minyak Oil Spatter 03', 2, -2, '17/04/2025'),
	(35, 'TSC20250429134445', 'ASOC-02', 'Pelindung Percikan Minyak Oil Spatter 02', 3, -3, '17/04/2025'),
	(36, 'TSC20250429134445', 'ASOC-01', 'Pelindung Percikan Minyak Oil Spatter 01', 3, -3, '17/04/2025'),
	(37, 'TSC20250429134445', 'ASLB-04CREAM', 'Kotak Makan Stainless Steel Lunch Box 1 layer 2 sekat CREAM', 1, -1, '17/04/2025'),
	(38, 'TSC20250429134445', 'ASCW-30', 'Wajan Penggorengan Stainless Steel Chef Wok 30 cm', 2, -2, '17/04/2025'),
	(39, 'TSC20250429141448', 'ROSM-08', 'Gelas Mug Stainless Steel Mug 8 cm', 3, -3, '19/04/2025'),
	(40, 'TSC20250429141448', 'ROSM-07', 'Gelas Mug Stainless Steel Mug 7 cm ( Tanpa Tutup )', 4, -5, '19/04/2025'),
	(41, 'TSC20250429141448', 'ASOW-03', 'Wajan Penggorengan Stainless Steel Oriental Wok 40 Cm', 3, -3, '19/04/2025'),
	(42, 'TSC20250429141448', 'ASSP-03N', 'Asta Panci Dandang Kukus - Panci Steamer / Panci Dandang Stainless / Stock Pots 1 Set Isi 4', 1, -1, '19/04/2025'),
	(43, 'TSC20250429141448', 'BB-ASSP01PC30', 'Stock Pot Steamer Set 30 cm', 12, -15, '19/04/2025'),
	(44, 'TSC20250429141448', 'ASOW-05', 'Wajan Penggorengan Stainless Steel Oriental Wok 50 Cm', 1, -1, '19/04/2025'),
	(45, 'TSC20250429141448', 'ASFF-SS', 'Sendok Irus Sop Laddie Stainless', 18, -30, '19/04/2025'),
	(46, 'TSC20250429141448', 'ASOW-06', 'Wajan Penggorengan Stainless Steel Oriental Wok 60 Cm', 1, -1, '19/04/2025'),
	(47, 'TSC20250429141448', 'ROOP-02', 'Oil Pot Saringan Minyak 1.8 L', 2, -2, '19/04/2025'),
	(48, 'TSC20250429141448', 'ROOP-01', 'Oil Pot Saringan Minyak 1.3 L', 3, -7, '19/04/2025'),
	(49, 'TSC20250429141448', 'ASWK-03CM', 'Teko / Ketel / Ceret Air Food Grade Valentina Whistling Kettle Marble HandleKayu CREAM', 4, -5, '19/04/2025'),
	(50, 'TSC20250429141448', 'ASWS-04', 'Spatula / Sutil Sode Kayu / Spatula kayu', 5, -7, '19/04/2025'),
	(51, 'TSC20250429141448', 'ASOW-28', 'Wajan Penggorengan Stainless Steel Oriental Wok 28 cm', 7, -9, '19/04/2025'),
	(52, 'TSC20250429141448', 'RONS-01', 'Nylon Spatula Green - Royalton', 1, -1, '19/04/2025'),
	(53, 'TSC20250429141448', 'ROKS-01', 'Kitchen Scissors Black', 1, -2, '19/04/2025'),
	(54, 'TSC20250429141448', 'ASWS-03', 'Sendok Sop Kayu/ Centong Kayu', 1, -1, '19/04/2025'),
	(55, 'TSC20250429141448', 'ASOW-30', 'Wajan Penggorengan Stainless Steel Oriental Wok 30 cm', 4, -8, '19/04/2025'),
	(56, 'TSC20250429141448', 'ASLB-03-PK', 'Kotak Makan Stainless Steel Kotak Bekal Anti Tumpah PINK', 1, -1, '19/04/2025'),
	(57, 'TSC20250429141448', 'ROFF-01G', 'Wadah Saji Prasmanan', 8, -14, '19/04/2025'),
	(58, 'TSC20250429141448', 'ROBB-70', 'Baskom Jumbo Stainless Steel 70 cm', 2, -2, '19/04/2025'),
	(59, 'TSC20250429141448', 'ROBB-60', 'Baskom Jumbo Stainless Steel 60 cm', 3, -3, '19/04/2025'),
	(60, 'TSC20250429141448', 'BB-PMKS', 'Brush White', 1, -1, '19/04/2025'),
	(61, 'TSC20250429141448', 'BB-ASPS07CP', 'Asta Jepitan Stainless Capitan Penjepit Makanan', 1, -1, '19/04/2025'),
	(62, 'TSC20250429141448', 'BB-ASSP01PC28', 'Stock Pot Steamer Set 28 cm', 1, -3, '19/04/2025'),
	(63, 'TSC20250429141448', 'BB-ASSP01PC25', 'Stock Pot Steamer Set 25 cm', 3, -9, '19/04/2025'),
	(64, 'TSC20250429141448', 'BB-ASSP01PC23', 'Stock Pot Steamer Set 23 cm', 4, -5, '19/04/2025'),
	(65, 'TSC20250429141448', 'BB-ASPS07SR', 'Alat Tirisan Minyak / Rak Tatakan Saringan 32cm', 1, -1, '19/04/2025'),
	(66, 'TSC20250429141448', 'BB-ASPMES', 'Pemisah Telur Plastik / Egg Seperator', 1, -1, '19/04/2025'),
	(67, 'TSC20250429141448', 'ASOC-02', 'Pelindung Percikan Minyak Oil Spatter 02', 7, -10, '19/04/2025'),
	(68, 'TSC20250429141448', 'ATWO-01', 'Panci Wok Premium + Tutup Kaca Tognana Wok 28 cm', 1, -1, '19/04/2025'),
	(69, 'TSC20250429141448', 'ATFP-01', 'Panci Penggorengan Premium Tognana Fry Pan 20 cm', 1, -1, '19/04/2025'),
	(70, 'TSC20250429141448', 'ATCA-01', 'Panci Casserole Premium Tognana Casserole 24 cm', 1, -2, '19/04/2025'),
	(71, 'TSC20250429141448', 'ASWK-04', 'el / Ceret Air Food Grade Full Stain', 1, -2, '19/04/2025'),
	(72, 'TSC20250429141448', 'ASWK-03BM', 'Teko / Ketel / Ceret Air Food Grade Valentina Whistling Kettle Marble HandleKayu BLACK', 4, -4, '19/04/2025'),
	(73, 'TSC20250429141448', 'ASWA-026PCS', 'Pisau daging 026PCS', 2, -2, '19/04/2025'),
	(74, 'TSC20250429141448', 'AECO-0301', 'Cempal Sarung Oval Flower Green in Green Lining - Asta', 2, -2, '19/04/2025'),
	(75, 'TSC20250429141448', 'ASSP-04', 'Steamer Pot 2 Susun - Asta', 2, -3, '19/04/2025'),
	(76, 'TSC20250429141448', 'ASPS-01', 'Panci Set Marbello Panci Set Lengkap Anti Lengket', 2, -3, '19/04/2025'),
	(77, 'TSC20250429141448', 'ASSA-03D', 'Sendok Irus Skimmer Stainless Steel Motif Coklat', 1, -1, '19/04/2025'),
	(78, 'TSC20250429141448', 'ASPS01BCARD', 'Marbello Cookware Set Beige + CARD - Asta', 4, -5, '19/04/2025'),
	(79, 'TSC20250429141448', 'ASPS01CARD', 'Marbello Cookware Set + CARD - Asta', 2, -5, '19/04/2025'),
	(80, 'TSC20250429141448', 'ASPS-01B', 'Marbello Cookware Set Beige - Asta', 2, -3, '19/04/2025'),
	(81, 'TSC20250429141448', 'ASFB-08', '', 1, -1, '19/04/2025'),
	(82, 'TSC20250429141448', 'ASOW-02', 'Wajan Penggorengan Stainless Steel Oriental Wok 36 Cm', 2, -3, '19/04/2025'),
	(83, 'TSC20250429141448', 'ASOW-26', 'ggorengan Stainless Steel Oriental', 1, -1, '19/04/2025'),
	(84, 'TSC20250429141448', 'ASOC-04', 'Pelindung Percikan Minyak Oil Spatter 04', 8, -14, '19/04/2025'),
	(85, 'TSC20250429141448', 'ASOC-03', 'Pelindung Percikan Minyak Oil Spatter 03', 2, -4, '19/04/2025'),
	(86, 'TSC20250429141448', 'ASNP-01', 'Noodle Pot Panci Susu / Panci Rebus / Milk Pot 18 cm', 1, -1, '19/04/2025'),
	(87, 'TSC20250429141448', 'ASLB-03-GR', 'Kotak Makan Stainless Steel Kotak Bekal Anti Tumpah GREEN', 1, -1, '19/04/2025'),
	(88, 'TSC20250429141448', 'ASFC-02', 'Rantang Stainless Steel Tunggal 16cm Rantang Bakso Soto', 1, -1, '19/04/2025'),
	(89, 'TSC20250429141448', 'ASFB-05', 'Kotak Penyimpanan Food Container 304 Stainless Steel + Tombol Kedap 1000 ml', 1, -1, '19/04/2025'),
	(90, 'TSC20250429141448', 'ASCW-30', 'Wajan Penggorengan Stainless Steel Chef Wok 30 cm', 2, -4, '19/04/2025'),
	(91, 'TSC20250429141448', 'ASCW-03', 'Wajan Penggorengan Stainless Steel Chef Wok 40 Cm', 1, -1, '19/04/2025'),
	(92, 'TSC20250429141448', 'ASCW-02', 'Wajan Penggorengan Stainless Steel Chef Wok 36 Cm', 1, -1, '19/04/2025'),
	(93, 'TSC20250429141448', 'AEHG-0202', 'Sarung Tangan Flower Pink in Mint lining - Asta', 1, -1, '19/04/2025'),
	(94, 'TSC20250429141448', 'AEHG-0203', 'Sarung Tangan Flower Purple in Mint lining - Asta', 2, -2, '19/04/2025'),
	(95, 'TSC20250502105027', 'ROSM-07', 'Gelas Mug Stainless Steel Mug 7 cm ( Tanpa Tutup )', 8, -13, '25/04/2025'),
	(96, 'TSC20250502105027', 'ASOW-30', 'Wajan Penggorengan Stainless Steel Oriental Wok 30 cm', 1, -9, '25/04/2025'),
	(97, 'TSC20250502105027', 'ASOW-28', 'Wajan Penggorengan Stainless Steel Oriental Wok 28 cm', 2, -11, '25/04/2025'),
	(98, 'TSC20250502105027', 'ASOW-03', 'Wajan Penggorengan Stainless Steel Oriental Wok 40 Cm', 1, -4, '25/04/2025'),
	(99, 'TSC20250502105027', 'BB-ASSP01PC23', 'Stock Pot Steamer Set 23 cm', 1, -6, '25/04/2025'),
	(100, 'TSC20250502105027', 'ASFF-SS', 'Sendok Irus Sop Laddie Stainless', 5, -35, '25/04/2025'),
	(101, 'TSC20250502105027', 'ASWK-03CM', 'Teko / Ketel / Ceret Air Food Grade Valentina Whistling Kettle Marble HandleKayu CREAM', 1, -6, '25/04/2025'),
	(102, 'TSC20250502105027', 'ASNP-01', 'Noodle Pot Panci Susu / Panci Rebus / Milk Pot 18 cm', 1, -2, '25/04/2025'),
	(103, 'TSC20250502105027', 'ASSA-03B', 'Spatula Sutil sodet kipas Stainless Steel Motif Coklat', 1, -1, '25/04/2025'),
	(104, 'TSC20250502105027', 'ASOC-02', 'Pelindung Percikan Minyak Oil Spatter 02', 1, -11, '25/04/2025'),
	(105, 'TSC20250502105027', 'ASOC-04', 'Pelindung Percikan Minyak Oil Spatter 04', 6, -20, '25/04/2025'),
	(106, 'TSC20250502105027', 'ASPS01CARD', 'Marbello Cookware Set + CARD - Asta', 1, -6, '25/04/2025'),
	(107, 'TSC20250502105027', 'ASPS-01B', 'Marbello Cookware Set Beige - Asta', 1, -4, '25/04/2025'),
	(108, 'TSC20250502105027', 'ROOS-01', 'Oil Strainer / Saringan Minyak 18 cm', 1, -2, '25/04/2025'),
	(109, 'TSC20250502105027', 'ROOP-01', 'Oil Pot Saringan Minyak 1.3 L', 2, -9, '25/04/2025'),
	(110, 'TSC20250502105027', 'BB-ASSP01PC28', 'Stock Pot Steamer Set 28 cm', 1, -4, '25/04/2025'),
	(111, 'TSC20250502105027', 'ASWK-03BM', 'Teko / Ketel / Ceret Air Food Grade Valentina Whistling Kettle Marble HandleKayu BLACK', 2, -6, '25/04/2025'),
	(112, 'TSC20250502105027', 'ASSR-304', 'Kukusan Steamer Stainless Steel 304', 1, -2, '25/04/2025'),
	(113, 'TSC20250502105027', 'ASOC-03', 'Pelindung Percikan Minyak Oil Spatter 03', 4, -8, '25/04/2025'),
	(114, 'TSC20250502105027', 'ASCW-30', 'Wajan Penggorengan Stainless Steel Chef Wok 30 cm', 1, -5, '25/04/2025'),
	(115, 'TSC20250502105027', 'ROOS-05', 'Oil Strainer / Saringan Minyak 28 cm', 2, -2, '25/04/2025'),
	(116, 'TSC20250502105027', 'ASWA-01', 'Spons Cuci Piring Kuning 1 pc', 5, -5, '25/04/2025'),
	(117, 'TSC20250502105027', 'ROOS-03', 'Oil Strainer / Saringan Minyak 24 cm', 3, -3, '25/04/2025'),
	(118, 'TSC20250502105027', 'RODL-01RD', 'D lima Red', 1, -1, '25/04/2025'),
	(119, 'TSC20250502105027', 'ASSA-06L', 'Teppan Spatula Panjang L - Asta', 1, -1, '25/04/2025'),
	(120, 'TSC20250502105027', 'ASSA-04A', 'Solid Turner Wooden Handle - Asta', 1, -1, '25/04/2025'),
	(121, 'TSC20250502105027', 'ASFO-06', 'Food Tong Silicone 23 cm - Asta', 1, -1, '25/04/2025'),
	(122, 'TSC20250502105027', 'ASOW-01', 'Wajan Penggorengan Stainless Steel Oriental Wok 32 Cm', 1, -1, '25/04/2025'),
	(123, 'TSC20250502105027', 'ASPS-01', 'Panci Set Marbello Panci Set Lengkap Anti Lengket', 3, -6, '25/04/2025'),
	(124, 'TSC20250502105027', 'ASPS01BCARD', 'Marbello Cookware Set Beige + CARD - Asta', 1, -6, '25/04/2025'),
	(125, 'TSC20250502105027', 'ROFF-01G', 'Wadah Saji Prasmanan', 6, -20, '25/04/2025'),
	(126, 'TSC20250502105027', 'ROOP-02', 'Oil Pot Saringan Minyak 1.8 L', 1, -3, '25/04/2025'),
	(127, 'TSC20250502105027', 'ROCB-02GR', 'Sikat Lantai Pembersih 02 Green', 1, -1, '25/04/2025'),
	(128, 'TSC20250502105027', 'BB-ASSP01PC30', 'Stock Pot Steamer Set 30 cm', 2, -17, '25/04/2025'),
	(129, 'TSC20250502105027', 'BB-ASSP01PC28OF', 'Stock Pot Steamer Set 28 cm defect', 1, -2, '25/04/2025'),
	(130, 'TSC20250502105027', 'BB-ASPS07CP', 'Asta Jepitan Stainless Capitan Penjepit Makanan', 1, -2, '25/04/2025'),
	(131, 'TSC20250502105027', 'ASPS-02', 'Panci Set Lemona Panci Set Lengkap Anti Lengket', 1, -1, '25/04/2025'),
	(132, 'TSC20250502105027', 'ASWK-04', 'el / Ceret Air Food Grade Full Stain', 1, -3, '25/04/2025'),
	(133, 'TSC20250502105027', 'ASLP-04P', 'tainless Steel Dengan Tutup Plastik', 3, -3, '25/04/2025'),
	(134, 'TSC20250502105027', 'ASCM-15', 'Corong Stainless 15 cm - Asta', 2, -2, '25/04/2025'),
	(135, 'TSC20250502105027', 'ROCP-01RD', 'Classic Pot Red - Royalton', 1, -1, '25/04/2025'),
	(136, 'TSC20250502105027', 'ASMB-24', 'Baskom Mangkok Stainless Steel Mixing Bowl Tebal Food Grade 24 cm', 2, -2, '25/04/2025'),
	(137, 'TSC20250502105027', 'ASMB-18', 'Baskom Mangkok Stainless Steel Mixing Bowl Tebal Food Grade 18 cm', 2, -2, '25/04/2025'),
	(138, 'TSC20250502105027', 'ASSA-04C', 'Soup Laddle Wooden Handle - Asta', 3, -3, '25/04/2025'),
	(139, 'TSC20250502105027', 'ASPM-115SS', 'Gilingan Mie / Pasta Maker Stainless', 1, -1, '25/04/2025'),
	(140, 'TSC20250502105027', 'ASMU-01', 'Gilingan Serbaguna Multiuse Mincer', 1, -1, '25/04/2025'),
	(141, 'TSC20250502105027', 'ASMB-20', 'Baskom Mangkok Stainless Steel Mixing Bowl Tebal Food Grade 20 cm', 1, -1, '25/04/2025'),
	(142, 'TSC20250507091320', 'ROOS-05A', 'Oil Strainer / Saringan Minyak 30 cm', 3, -3, '03/05/2025'),
	(143, 'TSC20250507091320', 'ROOS-03', 'Oil Strainer / Saringan Minyak 24 cm', 3, -6, '03/05/2025'),
	(144, 'TSC20250507091320', 'ASWA-01', 'Spons Cuci Piring Kuning 1 pc', 6, -11, '03/05/2025'),
	(145, 'TSC20250507091320', 'ASSA-04A', 'Solid Turner Wooden Handle - Asta', 2, -3, '03/05/2025'),
	(146, 'TSC20250507091320', 'ASPM-115SS', 'Gilingan Mie / Pasta Maker Stainless', 2, -3, '03/05/2025'),
	(147, 'TSC20250507091320', 'ASPM-115AM', 'Gilingan Mie / Pasta Maker Ampia', 1, -1, '03/05/2025'),
	(148, 'TSC20250507091320', 'ASLL-03', 'Gayung Stainless Panjang 18 cm - Asta', 4, -4, '03/05/2025'),
	(149, 'TSC20250507091320', 'ASFMP-15KS', 'Keset Kaki / Floor Mat PVC Kotak 40x60 Motif 15', 1, -1, '03/05/2025'),
	(150, 'TSC20250507091320', 'ASFMD-05KS', 'Keset Kaki / Floor Mat Diatomite 3D Kotak 40x60 Motif 05', 1, -1, '03/05/2025'),
	(151, 'TSC20250507091320', 'ASFMD-05KB', 'Keset Kaki / Floor Mat Diatomite 3D Kotak 50x80 Motif 05', 1, -1, '03/05/2025'),
	(152, 'TSC20250507091320', 'ROOP-02', 'Oil Pot Saringan Minyak 1.8 L', 3, -6, '03/05/2025'),
	(153, 'TSC20250507091320', 'ROOP-01', 'Oil Pot Saringan Minyak 1.3 L', 2, -11, '03/05/2025'),
	(154, 'TSC20250507091320', 'ROKS-01', 'Kitchen Scissors Black', 3, -5, '03/05/2025'),
	(155, 'TSC20250507091320', 'ASCW-30', 'Wajan Penggorengan Stainless Steel Chef Wok 30 cm', 2, -7, '03/05/2025'),
	(156, 'TSC20250507091320', 'ASWK-04', 'el / Ceret Air Food Grade Full Stain', 2, -5, '03/05/2025'),
	(157, 'TSC20250507091320', 'ASCW-02', 'Wajan Penggorengan Stainless Steel Chef Wok 36 Cm', 1, -2, '03/05/2025'),
	(158, 'TSC20250507091320', 'ROKE-02', 'Keset Kaki Jerami Super', 6, -8, '03/05/2025'),
	(159, 'TSC20250507091320', 'ROFF-01G2SET', 'Fast Food Glass Set (2) - Royalton', 2, -2, '03/05/2025'),
	(160, 'TSC20250507091320', 'ROFF-01G', 'Wadah Saji Prasmanan', 3, -23, '03/05/2025'),
	(161, 'TSC20250507091320', 'BB-ROCB01', 'hopping Board Wheat Straw Green', 1, -1, '03/05/2025'),
	(162, 'TSC20250507091320', 'BB-ASSP01PC25', 'Stock Pot Steamer Set 25 cm', 1, -10, '03/05/2025'),
	(163, 'TSC20250507091320', 'ASFF-SS', 'Sendok Irus Sop Laddie Stainless', 6, -41, '03/05/2025'),
	(164, 'TSC20250507091320', 'BB-ASSP01PC30', 'Stock Pot Steamer Set 30 cm', 5, -22, '03/05/2025'),
	(165, 'TSC20250507091320', 'ASMB-34', 'Baskom Mangkok Stainless Steel Mixing Bowl Tebal Food Grade 34 cm', 1, -1, '03/05/2025'),
	(166, 'TSC20250507091320', 'ASOW-30', 'Wajan Penggorengan Stainless Steel Oriental Wok 30 cm', 1, -10, '03/05/2025'),
	(167, 'TSC20250507091320', 'ASOW-28', 'Wajan Penggorengan Stainless Steel Oriental Wok 28 cm', 1, -12, '03/05/2025'),
	(168, 'TSC20250507091320', 'ASOW-01', 'Wajan Penggorengan Stainless Steel Oriental Wok 32 Cm', 1, -2, '03/05/2025'),
	(169, 'TSC20250507091320', 'ASOC-04', 'Pelindung Percikan Minyak Oil Spatter 04', 1, -21, '03/05/2025'),
	(170, 'TSC20250507091320', 'ASFB-08', 'Asta Homeware Official - Asta Wadah Makanan Stainless Steel Plus Capit 3 in 1 Jenis', 1, -2, '03/05/2025'),
	(171, 'TSC20250507091320', 'ASCR-01', 'Panggangan &amp; Tirisan Minyak Crisper Square', 1, -1, '03/05/2025'),
	(172, 'TSC20250507091320', 'ASBA-01', 'Bastra Baskom Parut Stainless Steel Baskom Serbaguna Multifungsi', 1, -1, '03/05/2025'),
	(173, 'TSC20250507091320', 'ASCW-01', 'Wajan Penggorengan Stainless Steel Chef Wok 32 Cm', 1, -3, '03/05/2025'),
	(174, 'TSC20250507091320', 'ASCM-11', 'Corong Stainless 11 cm - Asta', 1, -1, '03/05/2025'),
	(175, 'TSC20250507091320', 'ASAP-22', 'Ambrosia Panci Sop Casserole Tutup Kaca', 1, -1, '03/05/2025'),
	(176, 'TSC20250507091320', 'ASAP-16', 'Ambrosia Panci Susu Milk Pot + Tutup Kaca 16 cm', 1, -1, '03/05/2025'),
	(177, 'TSC20250507091320', 'ROCP-01YL', 'Classic Pot Yellow - Royalton', 1, -1, '03/05/2025'),
	(178, 'TSC20250507153454', 'ROSB-01', 'Tas Belanja Shopping Bag', 2, -2, '05/05/2025'),
	(179, 'TSC20250507153454', 'ROOS-03', 'Oil Strainer / Saringan Minyak 24 cm', 26, -32, '05/05/2025'),
	(180, 'TSC20250507153454', 'ASWA-01', 'Spons Cuci Piring Kuning 1 pc', 21, -32, '05/05/2025'),
	(181, 'TSC20250507153454', 'ASTW-01', 'Timer Watch - Asta', 2, -2, '05/05/2025'),
	(182, 'TSC20250507153454', 'ASTS-01BL', 'Silicone Turner Spatula - Blue - Asta', 1, -1, '05/05/2025'),
	(183, 'TSC20250507153454', 'AECO-0105', 'Cempal Oval Flower Purple - Asta', 3, -3, '05/05/2025'),
	(184, 'TSC20250507153454', 'ROOS-01', 'Oil Strainer / Saringan Minyak 18 cm', 2, -4, '05/05/2025'),
	(185, 'TSC20250507153454', 'RONS-01', 'Nylon Spatula Green - Royalton', 2, -3, '05/05/2025'),
	(186, 'TSC20250507153454', 'BB-ASSP01PC28', 'Stock Pot Steamer Set 28 cm', 8, -12, '05/05/2025'),
	(187, 'TSC20250507153454', 'ASFF-SS', 'Sendok Irus Sop Laddie Stainless', 30, -71, '05/05/2025'),
	(188, 'TSC20250507153454', 'ROOP-02', 'Oil Pot Saringan Minyak 1.8 L', 67, -73, '05/05/2025'),
	(189, 'TSC20250507153454', 'ASCM-11', 'Corong Stainless 11 cm - Asta', 1, -2, '05/05/2025'),
	(190, 'TSC20250507153454', 'ROOP-01', 'Oil Pot Saringan Minyak 1.3 L', 33, -44, '05/05/2025'),
	(191, 'TSC20250507153454', 'ASWS-02', 'Sutil Kayu / Spatula Kayu / Turner', 49, -49, '05/05/2025'),
	(192, 'TSC20250507153454', 'ASFO-05', 'Food Tong 23 cm - Asta', 1, -1, '05/05/2025'),
	(193, 'TSC20250507153454', 'ROKS-01', 'Kitchen Scissors Black', 10, -15, '05/05/2025'),
	(194, 'TSC20250507153454', 'BB-ASPS07CP', 'Asta Jepitan Stainless Capitan Penjepit Makanan', 4, -6, '05/05/2025'),
	(195, 'TSC20250507153454', 'ASCW-01', 'Wajan Penggorengan Stainless Steel Chef Wok 32 Cm', 27, -30, '05/05/2025'),
	(196, 'TSC20250507153454', 'ASCW-03', 'Wajan Penggorengan Stainless Steel Chef Wok 40 Cm', 27, -28, '05/05/2025'),
	(197, 'TSC20250507153454', 'ASOW-30', 'Wajan Penggorengan Stainless Steel Oriental Wok 30 cm', 2, -12, '05/05/2025'),
	(198, 'TSC20250507153454', 'ASCW-30', 'Wajan Penggorengan Stainless Steel Chef Wok 30 cm', 2, -9, '05/05/2025'),
	(199, 'TSC20250507153454', 'ROKE-04', 'Asta Keset Kaki Labtai Serap Air Sumbu Oval Tebal 40 x 60cm', 1, -1, '05/05/2025'),
	(200, 'TSC20250507153454', 'ASPM-115AM', 'Gilingan Mie / Pasta Maker Ampia', 8, -9, '05/05/2025'),
	(201, 'TSC20250507153454', 'ROKE-02', 'Keset Kaki Jerami Super', 2, -10, '05/05/2025'),
	(202, 'TSC20250507153454', 'ROKE-01', 'Keset Kaki Mutiara Super', 102, -102, '05/05/2025'),
	(203, 'TSC20250507153454', 'ROKE-013PCS', 'Keset Kaki Mutiara Super isi 3pcs', 1, -2, '05/05/2025'),
	(204, 'TSC20250507153454', 'ASOW-03', 'Wajan Penggorengan Stainless Steel Oriental Wok 40 Cm', 27, -31, '05/05/2025'),
	(205, 'TSC20250507153454', 'ROFF-01G2SET', 'Fast Food Glass Set (2) - Royalton', 12, -14, '05/05/2025'),
	(206, 'TSC20250507153454', 'ROFF-01G', 'Wadah Saji Prasmanan', 6, -29, '05/05/2025'),
	(207, 'TSC20250507153454', 'RODL-01TQ', 'DLima Turquoise', 3, -3, '05/05/2025'),
	(208, 'TSC20250507153454', 'ROCB-04', 'Sikat Pembersih Lantai Kamar Mandi Baju 14 cm', 2, -2, '05/05/2025'),
	(209, 'TSC20250507153454', 'ASOC-04', 'Pelindung Percikan Minyak Oil Spatter 04', 48, -69, '05/05/2025'),
	(210, 'TSC20250507153454', 'ROCB-01GR', 'Sikat Baju green', 1, -1, '05/05/2025'),
	(211, 'TSC20250507153454', 'BB-ROCB01', 'hopping Board Wheat Straw Green', 1, -2, '05/05/2025'),
	(212, 'TSC20250507153454', 'BB-PMKS', 'Brush White', 1, -2, '05/05/2025'),
	(213, 'TSC20250507153454', 'BB-ASSP01PC30', 'Stock Pot Steamer Set 30 cm', 10, -32, '05/05/2025'),
	(214, 'TSC20250507153454', 'ASFB-08', 'Asta Homeware Official - Asta Wadah Makanan Stainless Steel Plus Capit 3 in 1 Jenis', 2, -4, '05/05/2025'),
	(215, 'TSC20250507153454', 'BB-ASSP01PC25OF', 'Stock Pot Steamer Set 25 cm defect', 1, -1, '05/05/2025'),
	(216, 'TSC20250507153454', 'BB-ASSP01PC25', 'Stock Pot Steamer Set 25 cm', 8, -18, '05/05/2025'),
	(217, 'TSC20250507153454', 'BB-ASSP01PC23', 'Stock Pot Steamer Set 23 cm', 1, -7, '05/05/2025'),
	(218, 'TSC20250507153454', 'ASWS-01', 'Sutil Kayu Set Warna Spatula Kayu Set', 3, -3, '05/05/2025'),
	(219, 'TSC20250507153454', 'BB-ASPMES', 'Pemisah Telur Plastik / Egg Seperator', 1, -2, '05/05/2025'),
	(220, 'TSC20250507153454', 'AECO-0106', 'Cempal Oval Flower Purple- Asta', 1, -1, '05/05/2025'),
	(221, 'TSC20250507153454', 'AECO-0101', 'Cempal Oval Flower Green - Asta', 1, -1, '05/05/2025'),
	(222, 'TSC20250507153454', 'ATCA-01', 'Panci Casserole Premium Tognana Casserole 24 cm', 1, -3, '05/05/2025'),
	(223, 'TSC20250507153454', 'ASWS-04', 'Spatula / Sutil Sode Kayu / Spatula kayu', 2, -9, '05/05/2025'),
	(224, 'TSC20250507153454', 'ASWK-03CM', 'Teko / Ketel / Ceret Air Food Grade Valentina Whistling Kettle Marble HandleKayu CREAM', 40, -46, '05/05/2025'),
	(225, 'TSC20250507153454', 'ASSP-04', 'Steamer Pot 2 Susun - Asta', 1, -4, '05/05/2025'),
	(226, 'TSC20250507153454', 'ASPU-01', 'Spons Mandi / Shower Puff', 1, -1, '05/05/2025'),
	(227, 'TSC20250507153454', 'ASPS01BCARD', 'Marbello Cookware Set Beige + CARD - Asta', 2, -8, '05/05/2025'),
	(228, 'TSC20250507153454', 'ASPS01CARD', 'Marbello Cookware Set + CARD - Asta', 1, -7, '05/05/2025'),
	(229, 'TSC20250507153454', 'ASPS-08', 'Panci Set Cappucino Panci Set Lengkap Anti Lengket', 1, -1, '05/05/2025'),
	(230, 'TSC20250507153454', 'ASPS-01B', 'Marbello Cookware Set Beige - Asta', 3, -7, '05/05/2025'),
	(231, 'TSC20250507153454', 'ASPS-01', 'Panci Set Marbello Panci Set Lengkap Anti Lengket', 5, -11, '05/05/2025'),
	(232, 'TSC20250507153454', 'ASOW-28', 'Wajan Penggorengan Stainless Steel Oriental Wok 28 cm', 6, -18, '05/05/2025'),
	(233, 'TSC20250507153454', 'ASOW-26', 'ggorengan Stainless Steel Oriental', 1, -2, '05/05/2025'),
	(234, 'TSC20250507153454', 'ASOW-05', 'Wajan Penggorengan Stainless Steel Oriental Wok 50 Cm', 2, -3, '05/05/2025'),
	(235, 'TSC20250507153454', 'ASOW-02', 'Wajan Penggorengan Stainless Steel Oriental Wok 36 Cm', 27, -30, '05/05/2025'),
	(236, 'TSC20250507153454', 'ASOC-02', 'Pelindung Percikan Minyak Oil Spatter 02', 2, -13, '05/05/2025'),
	(237, 'TSC20250507153454', 'ASNP-01', 'Noodle Pot Panci Susu / Panci Rebus / Milk Pot 18 cm', 2, -4, '05/05/2025'),
	(238, 'TSC20250507153454', 'ASLL-03', 'Gayung Stainless Panjang 18 cm - Asta', 2, -6, '05/05/2025'),
	(239, 'TSC20250507153454', 'ASLB-05CREAM', 'Kotak Makan Stainless Steel Lunch Box 2 layer 2 sekat CREAM', 1, -1, '05/05/2025'),
	(240, 'TSC20250507153454', 'ASFB-04', 'Kotak Penyimpanan Food Container 304 Stainless Steel + Tombol Kedap 700 ml', 1, -1, '05/05/2025'),
	(241, 'TSC20250507153454', 'ASCM-15', 'Corong Stainless 15 cm - Asta', 2, -4, '05/05/2025'),
	(242, 'TSC20250507153454', 'ASAP-16', 'Ambrosia Panci Susu Milk Pot + Tutup Kaca 16 cm', 19, -20, '05/05/2025'),
	(243, 'TSC20250507153454', 'AECO-0304', 'Cempal Sarung Oval Flower Purple in Purple Lining - Asta', 1, -1, '05/05/2025'),
	(244, 'TSC20250507153454', 'AECO-0104', 'Cempal Oval Flower Blue - Asta', 1, -1, '05/05/2025'),
	(245, 'TSC20250507153454', 'AECO-0204', 'Asta Cempal Anti Panas Tebal Pelindung Tangan Busa Katun Premium 1 piece', 2, -2, '05/05/2025'),
	(246, 'TSC20250507153454', 'AECO-0203', 'Cempal Oval Flower Purple in Mint Lining  - Asta', 2, -2, '05/05/2025'),
	(247, 'TSC20250507153454', 'ROOS-05A', 'Oil Strainer / Saringan Minyak 30 cm', 9, -12, '05/05/2025'),
	(248, 'TSC20250507153454', 'ROOS-05', 'Oil Strainer / Saringan Minyak 28 cm', 22, -24, '05/05/2025'),
	(249, 'TSC20250507153454', 'ASPM-115SS', 'Gilingan Mie / Pasta Maker Stainless', 2, -5, '05/05/2025'),
	(250, 'TSC20250507153454', 'ROOS-02', 'Oil Strainer / Saringan Minyak 22 cm', 1, -1, '05/05/2025'),
	(251, 'TSC20250507153454', 'ROBB-60', 'Baskom Jumbo Stainless Steel 60 cm', 1, -4, '05/05/2025'),
	(252, 'TSC20250507153454', 'ASMB-24', 'Baskom Mangkok Stainless Steel Mixing Bowl Tebal Food Grade 24 cm', 4, -6, '05/05/2025'),
	(253, 'TSC20250507153454', 'ASSA-04A', 'Solid Turner Wooden Handle - Asta', 1, -4, '05/05/2025'),
	(254, 'TSC20250507153454', 'ASSA-01B', 'Spatula Sutil sodet kipas Stainless Steel Motif Marble', 52, -52, '05/05/2025'),
	(255, 'TSC20250507153454', 'ASKK-03', 'Pisau daging 03', 1, -1, '05/05/2025'),
	(256, 'TSC20250507153454', 'ASSA-01A', 'Spatula Sutil sodet StainlessSteel Motif Marble', 1, -1, '05/05/2025'),
	(257, 'TSC20250507153454', 'ASPS-12', 'Panci Set Valentina Milan Panci Set Lengkap Anti Lengket', 9, -9, '05/05/2025'),
	(258, 'TSC20250507153454', 'ASPM-115RD', 'Gilingan Mie / Pasta Maker Red', 4, -4, '05/05/2025'),
	(259, 'TSC20250507153454', 'ASMU-01', 'Gilingan Serbaguna Multiuse Mincer', 3, -4, '05/05/2025'),
	(260, 'TSC20250507153454', 'ASLP-03', 'akan Anak Stainless Steel Kids Food', 1, -1, '05/05/2025'),
	(261, 'TSC20250507153454', 'ASMD-07VB', 'Asta Keset Anti Slip Diatomite 3D Tebal 40 x 60 cm 50 x 80 cm Oval Besar Motif', 1, -1, '05/05/2025'),
	(262, 'TSC20250507153454', 'ASFMD-07VS', 'Keset Kaki / Floor Mat Diatomite 3D Oval 40x60 Motif 07', 1, -1, '05/05/2025'),
	(263, 'TSC20250507153454', 'ASPS-05', 'Panci Set Tokyo', 3, -3, '05/05/2025'),
	(264, 'TSC20250507153454', 'ASCW-02', 'Wajan Penggorengan Stainless Steel Chef Wok 36 Cm', 26, -28, '05/05/2025'),
	(265, 'TSC20250507153454', 'BB-ASSP01PC28OF', 'Stock Pot Steamer Set 28 cm defect', 1, -3, '05/05/2025'),
	(266, 'TSC20250507153454', 'ASOW-06', 'Wajan Penggorengan Stainless Steel Oriental Wok 60 Cm', 2, -3, '05/05/2025'),
	(267, 'TSC20250507153454', 'ASOC-01', 'Pelindung Percikan Minyak Oil Spatter 01', 1, -4, '05/05/2025'),
	(268, 'TSC20250507153454', 'ASIS-01', 'Sendok Scoop Ice Cream Stainless - Asta', 1, -1, '05/05/2025'),
	(269, 'TSC20250507153454', 'AECO-0306', 'Cempal Sarung Oval Flower Pink ini Green Lining - Asta', 1, -1, '05/05/2025'),
	(270, 'TSC20250507153454', 'ASLB-01-4BK', 'Lunch Box 01 4 Compartments Black - Asta', 6, -6, '05/05/2025'),
	(271, 'TSC20250507153454', 'ASLB-01-4P', 'Lunch Box 01 4 Compartments Pink - Asta', 6, -6, '05/05/2025'),
	(272, 'TSC20250507153454', 'ASLB-01-4B', 'Lunch Box 01 4 Compartments Blue - Asta', 6, -6, '05/05/2025'),
	(273, 'TSC20250507153454', 'ASSP-01', 'Stock Pot Steamer 01 Panci Sop Besar', 4, -4, '05/05/2025'),
	(274, 'TSC20250507153454', 'ASFF-01GF', 'Food Warmer Square dengan Prasmanan  Wadah Prasmanan', 6, -6, '05/05/2025'),
	(275, 'TSC20250507153454', 'BB-ROFF01BG', 'Fast Food Body Glass - Royalton', 48, -48, '05/05/2025'),
	(276, 'TSC20250507153454', 'BB-ROFF01BX', 'Fast Food Glass Box - Royalton', 48, -48, '05/05/2025'),
	(277, 'TSC20250507153454', 'BB-ROFF01TG', 'Fast Food Tutup Glass - Royalton', 48, -48, '05/05/2025'),
	(278, 'TSC20250507153454', 'ASOW-01', 'Wajan Penggorengan Stainless Steel Oriental Wok 32 Cm', 25, -27, '05/05/2025'),
	(279, 'TSC20250507153454', 'ASWK-02PK', 'Teko / Ketel / Ceret Air Food Grade Valentina Whistling Kettle Handle Kayu PINK', 60, -60, '05/05/2025'),
	(280, 'TSC20250507153454', 'ASAP-22', 'Ambrosia Panci Sop Casserole Tutup Kaca', 10, -11, '05/05/2025'),
	(281, 'TSC20250507153454', 'ASWK-01', 'Teko / Ketel / Ceret Air Food Grade Valentina Whistling Kettle', 12, -12, '05/05/2025'),
	(282, 'TSC20250507153454', 'ASSA-01C', 'Sendok irus soup ladle Stainless Steel Motif Marble', 50, -50, '05/05/2025'),
	(283, 'TSC20250507153454', 'BB-ASBUM01ACGY', 'Bunda Mop New - Accesories &amp; Body Grey - Asta', 8, -8, '05/05/2025'),
	(284, 'TSC20250507153454', 'BB-ASBUM01ACSC', 'Bunda Mop New - Accesories &amp; Body Soft Choco - Asta', 7, -7, '05/05/2025'),
	(285, 'TSC20250507153454', 'BB-ASBUM01DBGY', 'Bunda Mop New - Dehydration Basket Grey - Asta', 8, -8, '05/05/2025'),
	(286, 'TSC20250507153454', 'BB-ASBUM01DBSC', 'Bunda Mop New - Dehydration Basket Soft Choco- Asta', 7, -7, '05/05/2025'),
	(287, 'TSC20250507153454', 'BB-ASBUM01BR', 'Bunda Mop New - Brush - Asta', 15, -15, '05/05/2025'),
	(288, 'TSC20250507153454', 'BB-ASBUM01BX', 'Bunda Mop New - Box - Asta', 15, -15, '05/05/2025'),
	(289, 'TSC20250507153454', 'ASFMD-02VS', 'Keset Kaki / Floor Mat Diatomite 3D Oval 40x60 Motif 02', 100, -100, '05/05/2025'),
	(290, 'TSC20250507153454', 'ASFMD-02KS', 'Keset Kaki / Floor Mat Diatomite 3D Kotak 40x60 Motif 02', 100, -100, '05/05/2025'),
	(291, 'TSC20250507153454', 'ASFMD-04KS', 'Keset Kaki / Floor Mat Diatomite 3D Kotak 40x60 Motif 04', 50, -50, '05/05/2025'),
	(292, 'TSC20250507153454', 'ASFMD-05KB', 'Keset Kaki / Floor Mat Diatomite 3D Kotak 50x80 Motif 05', 40, -41, '05/05/2025'),
	(293, 'TSC20250507153454', 'ASFMP-11KS', 'Keset Kaki / Floor Mat PVC Kotak 40x60 Motif 11', 50, -50, '05/05/2025'),
	(294, 'TSC20250507153454', 'ASFMP-10KS', 'Keset Kaki / Floor Mat PVC Kotak 40x60 Motif 10', 50, -50, '05/05/2025'),
	(295, 'TSC20250507153454', 'ASFMP-12KS', 'Keset Kaki / Floor Mat PVC Kotak 40x60 Motif 12', 50, -50, '05/05/2025'),
	(296, 'TSC20250508131242', 'ASFMD-05KS', 'Keset Kaki / Floor Mat Diatomite 3D Kotak 40x60 Motif 05', 2, -3, '07/05/2025'),
	(297, 'TSC20250508131242', 'ASFMD-07VS', 'Keset Kaki / Floor Mat Diatomite 3D Oval 40x60 Motif 07', 1, -2, '07/05/2025'),
	(298, 'TSC20250508131242', 'ROOS-05A', 'Oil Strainer / Saringan Minyak 30 cm', 2, -14, '07/05/2025'),
	(299, 'TSC20250508131242', 'ASWA-01', 'Spons Cuci Piring Kuning 1 pc', 4, -36, '07/05/2025'),
	(300, 'TSC20250508131242', 'ROCB-01GR', 'Sikat Baju green', 2, -3, '07/05/2025'),
	(301, 'TSC20250508131242', 'ASSA-04A', 'Solid Turner Wooden Handle - Asta', 1, -5, '07/05/2025'),
	(302, 'TSC20250508131242', 'ASSA-01C', 'Sendok irus soup ladle Stainless Steel Motif Marble', 1, -51, '07/05/2025'),
	(303, 'TSC20250508131242', 'ASPM-115SS', 'Gilingan Mie / Pasta Maker Stainless', 2, -7, '07/05/2025'),
	(304, 'TSC20250508131242', 'ASMU-01', 'Gilingan Serbaguna Multiuse Mincer', 1, -5, '07/05/2025'),
	(305, 'TSC20250508131242', 'ASFO-06A', 'Food Tong Silicone 30 cm - Asta', 1, -1, '07/05/2025'),
	(306, 'TSC20250508131242', 'ASFO-05', 'Food Tong 23 cm - Asta', 2, -3, '07/05/2025'),
	(307, 'TSC20250508131242', 'ASFMD-08VB', 'Keset Kaki / Floor Mat Diatomite 3D Oval 50x80 Motif 08', 1, -1, '07/05/2025'),
	(308, 'TSC20250508131242', 'ASFMD-04KS', 'Keset Kaki / Floor Mat Diatomite 3D Kotak 40x60 Motif 04', 1, -51, '07/05/2025'),
	(309, 'TSC20250508131242', 'ASFMD-04KB', 'Keset Kaki / Floor Mat Diatomite 3D Kotak 50x80 Motif 04', 1, -1, '07/05/2025'),
	(310, 'TSC20250508131242', 'ASIS-01', 'Sendok Scoop Ice Cream Stainless - Asta', 1, -2, '07/05/2025'),
	(311, 'TSC20250508131242', 'TBKD-935-YL08A', 'Grande Kid Yellow', 2, -3, '07/05/2025'),
	(312, 'TSC20250508131242', 'ROKS-01', 'Kitchen Scissors Black', 3, -18, '07/05/2025'),
	(313, 'TSC20250508131242', 'ASCW-03', 'Wajan Penggorengan Stainless Steel Chef Wok 40 Cm', 1, -29, '07/05/2025'),
	(314, 'TSC20250508131242', 'ASCW-02', 'Wajan Penggorengan Stainless Steel Chef Wok 36 Cm', 1, -29, '07/05/2025'),
	(315, 'TSC20250508131242', 'ASCW-01', 'Wajan Penggorengan Stainless Steel Chef Wok 32 Cm', 2, -32, '07/05/2025'),
	(316, 'TSC20250508131242', 'ROFF-01G', 'Wadah Saji Prasmanan', 6, -35, '07/05/2025'),
	(317, 'TSC20250508131242', 'ROCB-04', 'Sikat Pembersih Lantai Kamar Mandi Baju 14 cm', 2, -4, '07/05/2025'),
	(318, 'TSC20250508131242', 'BB-ROCB01', 'hopping Board Wheat Straw Green', 1, -3, '07/05/2025'),
	(319, 'TSC20250508131242', 'BB-PMKS', 'Brush White', 1, -3, '07/05/2025'),
	(320, 'TSC20250508131242', 'BB-ASSP01PC28', 'Stock Pot Steamer Set 28 cm', 4, -16, '07/05/2025'),
	(321, 'TSC20250508131242', 'ASFF-SS', 'Sendok Irus Sop Laddie Stainless', 2, -73, '07/05/2025'),
	(322, 'TSC20250508131242', 'BB-ASSP01PC23', 'Stock Pot Steamer Set 23 cm', 1, -8, '07/05/2025'),
	(323, 'TSC20250508131242', 'BB-ASPS07CP', 'Asta Jepitan Stainless Capitan Penjepit Makanan', 1, -7, '07/05/2025'),
	(324, 'TSC20250508131242', 'ASOC-04', 'Pelindung Percikan Minyak Oil Spatter 04', 8, -77, '07/05/2025'),
	(325, 'TSC20250508131242', 'ASOC-03', 'Pelindung Percikan Minyak Oil Spatter 03', 5, -13, '07/05/2025'),
	(326, 'TSC20250508131242', 'ASWK-03BM', 'Teko / Ketel / Ceret Air Food Grade Valentina Whistling Kettle Marble HandleKayu BLACK', 1, -7, '07/05/2025'),
	(327, 'TSC20250508131242', 'ASOW-28', 'Wajan Penggorengan Stainless Steel Oriental Wok 28 cm', 3, -21, '07/05/2025'),
	(328, 'TSC20250508131242', 'ASSP-03N', 'Asta Panci Dandang Kukus - Panci Steamer / Panci Dandang Stainless / Stock Pots 1 Set Isi 4', 1, -2, '07/05/2025'),
	(329, 'TSC20250508131242', 'ASPS-01', 'Panci Set Marbello Panci Set Lengkap Anti Lengket', 1, -12, '07/05/2025'),
	(330, 'TSC20250508131242', 'ASOW-30', 'Wajan Penggorengan Stainless Steel Oriental Wok 30 cm', 3, -15, '07/05/2025'),
	(331, 'TSC20250508131242', 'ASOC-02', 'Pelindung Percikan Minyak Oil Spatter 02', 2, -15, '07/05/2025'),
	(332, 'TSC20250508131242', 'ASLB-04BROWN', 'Kotak Makan Stainless Steel Lunch Box 1 layer 2 sekat BROWN', 1, -1, '07/05/2025'),
	(333, 'TSC20250508131242', 'ASLB-03-BL', 'Kotak Makan Stainless Steel Kotak Bekal Anti Tumpah BIRU', 1, -1, '07/05/2025'),
	(334, 'TSC20250508131242', 'ASMB-24', 'Baskom Mangkok Stainless Steel Mixing Bowl Tebal Food Grade 24 cm', 1, -7, '07/05/2025'),
	(335, 'TSC20250508131242', 'ASMB-20', 'Baskom Mangkok Stainless Steel Mixing Bowl Tebal Food Grade 20 cm', 1, -2, '07/05/2025'),
	(336, 'TSC20250508131242', 'ASBA-01', 'Bastra Baskom Parut Stainless Steel Baskom Serbaguna Multifungsi', 1, -2, '07/05/2025'),
	(337, 'TSC20250508131242', 'ASPM-115RD', 'Gilingan Mie / Pasta Maker Red', 1, -5, '07/05/2025'),
	(338, 'TSC20250508131242', 'ROOS-03', 'Oil Strainer / Saringan Minyak 24 cm', 1, -33, '07/05/2025'),
	(339, 'TSC20250508131242', 'ROCB-01PK', 'SIkat Baju Pink', 1, -1, '07/05/2025'),
	(340, 'TSC20250508131242', 'ASPS-05', 'Panci Set Tokyo', 3, -6, '07/05/2025'),
	(341, 'TSC20250508131242', 'ASWS-04', 'Spatula / Sutil Sode Kayu / Spatula kayu', 1, -10, '07/05/2025'),
	(342, 'TSC20250508131242', 'ROOP-01', 'Oil Pot Saringan Minyak 1.3 L', 1, -45, '07/05/2025'),
	(343, 'TSC20250508131242', 'ATWO-01', 'Panci Wok Premium + Tutup Kaca Tognana Wok 28 cm', 1, -2, '07/05/2025'),
	(344, 'TSC20250508131242', 'ASKK-03', 'Pisau daging 03', 2, -3, '07/05/2025'),
	(345, 'TSC20250508131242', 'AECO-0304', 'Cempal Sarung Oval Flower Purple in Purple Lining - Asta', 2, -3, '07/05/2025'),
	(346, 'TSC20250508145955', 'ROSM-12', 'Gelas Mug Stainless Steel Mug 12 cm', 1, -2, '02/05/2025'),
	(347, 'TSC20250508145955', 'ASOC-01', 'Pelindung Percikan Minyak Oil Spatter 01', 1, -5, '02/05/2025'),
	(348, 'TSC20250508145955', 'ASLP-04P', 'tainless Steel Dengan Tutup Plastik', 2, -5, '02/05/2025'),
	(349, 'TSC20250508145955', 'ROSM-08', 'Gelas Mug Stainless Steel Mug 8 cm', 1, -4, '02/05/2025'),
	(350, 'TSC20250508145955', 'ROSM-07', 'Gelas Mug Stainless Steel Mug 7 cm ( Tanpa Tutup )', 2, -15, '02/05/2025'),
	(351, 'TSC20250508145955', 'ASPS-01B', 'Marbello Cookware Set Beige - Asta', 1, -8, '02/05/2025'),
	(352, 'TSC20250508145955', 'ASPS01BCARD', 'Marbello Cookware Set Beige + CARD - Asta', 2, -10, '02/05/2025'),
	(353, 'TSC20250508145955', 'ROOS-01', 'Oil Strainer / Saringan Minyak 18 cm', 1, -5, '02/05/2025'),
	(354, 'TSC20250508145955', 'ROKS-01', 'Kitchen Scissors Black', 9, -27, '02/05/2025'),
	(355, 'TSC20250508145955', 'ASWS-04', 'Spatula / Sutil Sode Kayu / Spatula kayu', 1, -11, '02/05/2025'),
	(356, 'TSC20250508145955', 'ASCW-30', 'Wajan Penggorengan Stainless Steel Chef Wok 30 cm', 6, -15, '02/05/2025'),
	(357, 'TSC20250508145955', 'ROOP-02', 'Oil Pot Saringan Minyak 1.8 L', 5, -78, '02/05/2025'),
	(358, 'TSC20250508145955', 'BB-ASPMES', 'Pemisah Telur Plastik / Egg Seperator', 2, -4, '02/05/2025'),
	(359, 'TSC20250508145955', 'ROOP-01', 'Oil Pot Saringan Minyak 1.3 L', 5, -50, '02/05/2025'),
	(360, 'TSC20250508145955', 'ASCW-01', 'Wajan Penggorengan Stainless Steel Chef Wok 32 Cm', 2, -34, '02/05/2025'),
	(361, 'TSC20250508145955', 'ASCW-03', 'Wajan Penggorengan Stainless Steel Chef Wok 40 Cm', 1, -30, '02/05/2025'),
	(362, 'TSC20250508145955', 'ASCW-02', 'Wajan Penggorengan Stainless Steel Chef Wok 36 Cm', 3, -32, '02/05/2025'),
	(363, 'TSC20250508145955', 'ROFF-01G', 'Wadah Saji Prasmanan', 1, -36, '02/05/2025'),
	(364, 'TSC20250508145955', 'RDP-105B-6', '10,5&quot; Dinner Plate / Piring Ceper mahkota isi 6', 2, -2, '02/05/2025'),
	(365, 'TSC20250508145955', 'BB-ASSP01PC30', 'Stock Pot Steamer Set 30 cm', 4, -36, '02/05/2025'),
	(366, 'TSC20250508145955', 'ASFF-SS', 'Sendok Irus Sop Laddie Stainless', 17, -90, '02/05/2025'),
	(367, 'TSC20250508145955', 'BB-ASSP01PC28', 'Stock Pot Steamer Set 28 cm', 5, -21, '02/05/2025'),
	(368, 'TSC20250508145955', 'BB-ASSP01PC25', 'Stock Pot Steamer Set 25 cm', 8, -26, '02/05/2025'),
	(369, 'TSC20250508145955', 'ASOW-28', 'Wajan Penggorengan Stainless Steel Oriental Wok 28 cm', 7, -28, '02/05/2025'),
	(370, 'TSC20250508145955', 'BB-ASSP01PC23', 'Stock Pot Steamer Set 23 cm', 3, -11, '02/05/2025'),
	(371, 'TSC20250508145955', 'BB-ASPS07CP', 'Asta Jepitan Stainless Capitan Penjepit Makanan', 2, -9, '02/05/2025'),
	(372, 'TSC20250508145955', 'BB-ASBUM01CH', 'Refill Spin Mop Bulat', 2, -2, '02/05/2025'),
	(373, 'TSC20250508145955', 'ASWK-03BM', 'Teko / Ketel / Ceret Air Food Grade Valentina Whistling Kettle Marble HandleKayu BLACK', 4, -11, '02/05/2025'),
	(374, 'TSC20250508145955', 'ASWA-01', 'Spons Cuci Piring Kuning 1 pc', 10, -46, '02/05/2025'),
	(375, 'TSC20250508145955', 'ASTS-01BL', 'Silicone Turner Spatula - Blue - Asta', 1, -2, '02/05/2025'),
	(376, 'TSC20250508145955', 'ASSP-04', 'Steamer Pot 2 Susun - Asta', 2, -6, '02/05/2025'),
	(377, 'TSC20250508145955', 'ASPS-02', 'Panci Set Lemona Panci Set Lengkap Anti Lengket', 2, -3, '02/05/2025'),
	(378, 'TSC20250508145955', 'ASOW-30', 'Wajan Penggorengan Stainless Steel Oriental Wok 30 cm', 3, -18, '02/05/2025'),
	(379, 'TSC20250508145955', 'ASOW-03', 'Wajan Penggorengan Stainless Steel Oriental Wok 40 Cm', 2, -33, '02/05/2025'),
	(380, 'TSC20250508145955', 'ASOW-01', 'Wajan Penggorengan Stainless Steel Oriental Wok 32 Cm', 2, -29, '02/05/2025'),
	(381, 'TSC20250508145955', 'ASOC-04', 'Pelindung Percikan Minyak Oil Spatter 04', 6, -83, '02/05/2025'),
	(382, 'TSC20250508145955', 'ASOC-03', 'Pelindung Percikan Minyak Oil Spatter 03', 5, -18, '02/05/2025'),
	(383, 'TSC20250508145955', 'ASOC-02', 'Pelindung Percikan Minyak Oil Spatter 02', 1, -16, '02/05/2025'),
	(384, 'TSC20250508145955', 'ASCM-15', 'Corong Stainless 15 cm - Asta', 5, -9, '02/05/2025'),
	(385, 'TSC20250508145955', 'ASCM-11', 'Corong Stainless 11 cm - Asta', 1, -3, '02/05/2025'),
	(386, 'TSC20250508145955', 'AECO-0105', 'Cempal Oval Flower Purple - Asta', 3, -6, '02/05/2025'),
	(387, 'TSC20250508145955', 'ASOW-26', 'ggorengan Stainless Steel Oriental', 2, -4, '02/05/2025'),
	(388, 'TSC20250508145955', 'ROCP-01YL', 'Classic Pot Yellow - Royalton', 1, -2, '02/05/2025'),
	(389, 'TSC20250508145955', 'ASSP-02', 'Stock Pot 02', 1, -2, '02/05/2025'),
	(390, 'TSC20250508145955', 'ROOS-05A', 'Oil Strainer / Saringan Minyak 30 cm', 1, -15, '02/05/2025'),
	(391, 'TSC20250508145955', 'ROOS-03', 'Oil Strainer / Saringan Minyak 24 cm', 3, -36, '02/05/2025'),
	(392, 'TSC20250508145955', 'ROOS-05', 'Oil Strainer / Saringan Minyak 28 cm', 3, -27, '02/05/2025'),
	(393, 'TSC20250508145955', 'ASFO-06A', 'Food Tong Silicone 30 cm - Asta', 2, -3, '02/05/2025'),
	(394, 'TSC20250508145955', 'ASSA-06L', 'Teppan Spatula Panjang L - Asta', 8, -9, '02/05/2025'),
	(395, 'TSC20250508145955', 'ASSA-03B', 'Spatula Sutil sodet kipas Stainless Steel Motif Coklat', 1, -2, '02/05/2025'),
	(396, 'TSC20250508145955', 'ASSA-03A', 'Spatula Sutil sodet Stainless Steel Motif Coklat', 1, -1, '02/05/2025'),
	(397, 'TSC20250508145955', 'ASFO-05', 'Food Tong 23 cm - Asta', 1, -4, '02/05/2025'),
	(398, 'TSC20250508145955', 'ASPM-115SS', 'Gilingan Mie / Pasta Maker Stainless', 4, -11, '02/05/2025'),
	(399, 'TSC20250508145955', 'ASPM-115RD', 'Gilingan Mie / Pasta Maker Red', 1, -6, '02/05/2025'),
	(400, 'TSC20250508145955', 'ASPM-115AM', 'Gilingan Mie / Pasta Maker Ampia', 2, -11, '02/05/2025'),
	(401, 'TSC20250508145955', 'ASMU-01', 'Gilingan Serbaguna Multiuse Mincer', 2, -7, '02/05/2025'),
	(402, 'TSC20250508145955', 'ASLL-03', 'Gayung Stainless Panjang 18 cm - Asta', 2, -8, '02/05/2025'),
	(403, 'TSC20250508145955', 'ASWA-016PCS', 'Spons Cuci Piring Kuning 6 pcs', 2, -2, '02/05/2025'),
	(404, 'TSC20250508145955', 'ASFMD-03KS', 'Keset Kaki / Floor Mat Diatomite 3D Oval 40x60 Motif 03', 11, -11, '02/05/2025'),
	(405, 'TSC20250508145955', 'ASFMD-03KB', 'Keset Kaki / Floor Mat Diatomite 3D Oval 50x80 Motif 03', 1, -1, '02/05/2025'),
	(406, 'TSC20250508145955', 'ASSP-01', 'Stock Pot Steamer 01 Panci Sop Besar', 1, -5, '02/05/2025'),
	(407, 'TSC20250508145955', 'TBKD-935-YL08A', 'Grande Kid Yellow', 1, -4, '02/05/2025'),
	(408, 'TSC20250508145955', 'RODL-01TQ', 'DLima Turquoise', 1, -4, '02/05/2025'),
	(409, 'TSC20250508145955', 'ASWA-026PCS', 'Pisau daging 026PCS', 1, -3, '02/05/2025'),
	(410, 'TSC20250508145955', 'ASPS-05', 'Panci Set Tokyo', 1, -7, '02/05/2025'),
	(411, 'TSC20250508145955', 'ASPS01CARD', 'Marbello Cookware Set + CARD - Asta', 1, -8, '02/05/2025'),
	(412, 'TSC20250508145955', 'AECO-0305', 'Cempal Sarung Oval Flower Blue in Pink Lining - Asta', 1, -1, '02/05/2025'),
	(413, 'TSC20250508145955', 'ASFMD-01KS', 'Keset Kaki / Floor Mat Diatomite 3D Kotak 40x60 Motif 01', 10, -10, '02/05/2025'),
	(414, 'TSC20250508145955', 'ASFMD-06VS', 'Keset Kaki / Floor Mat Diatomite 3D Oval 40x60 Motif 06', 10, -10, '02/05/2025'),
	(415, 'TSC20250508145955', 'ASFMD-05KS', 'Keset Kaki / Floor Mat Diatomite 3D Kotak 40x60 Motif 05', 10, -13, '02/05/2025'),
	(416, 'TSC20250508145955', 'ASFMD-04KS', 'Keset Kaki / Floor Mat Diatomite 3D Kotak 40x60 Motif 04', 10, -61, '02/05/2025'),
	(417, 'TSC20250508145955', 'ASFMP-09KS', 'Keset Kaki / Floor Mat PVC Kotak 40x60 Motif 09', 5, -5, '02/05/2025'),
	(418, 'TSC20250508145955', 'ASFMP-10KS', 'Keset Kaki / Floor Mat PVC Kotak 40x60 Motif 10', 5, -55, '02/05/2025'),
	(419, 'TSC20250508145955', 'ASFMP-11KS', 'Keset Kaki / Floor Mat PVC Kotak 40x60 Motif 11', 5, -55, '02/05/2025'),
	(420, 'TSC20250508145955', 'ASFMP-12KS', 'Keset Kaki / Floor Mat PVC Kotak 40x60 Motif 12', 5, -55, '02/05/2025'),
	(421, 'TSC20250508145955', 'ASFMP-13KS', 'Keset Kaki / Floor Mat PVC Kotak 40x60 Motif 13', 5, -5, '02/05/2025'),
	(422, 'TSC20250508145955', 'ASPS-12', 'Panci Set Valentina Milan Panci Set Lengkap Anti Lengket', 24, -33, '02/05/2025'),
	(423, 'TSC20250508145955', 'ROBB-60', 'Baskom Jumbo Stainless Steel 60 cm', 40, -44, '02/05/2025'),
	(424, 'TSC20250509103607', 'ROOP-01', 'Oil Pot Saringan Minyak 1.3 L', 3, -53, '08/05/2025'),
	(425, 'TSC20250509103607', 'ROKS-01', 'Kitchen Scissors Black', 3, -30, '08/05/2025'),
	(426, 'TSC20250509103607', 'ASCW-03', 'Wajan Penggorengan Stainless Steel Chef Wok 40 Cm', 1, -31, '08/05/2025'),
	(427, 'TSC20250509103607', 'ASCW-01', 'Wajan Penggorengan Stainless Steel Chef Wok 32 Cm', 1, -35, '08/05/2025'),
	(428, 'TSC20250509103607', 'ASCW-30', 'Wajan Penggorengan Stainless Steel Chef Wok 30 cm', 1, -16, '08/05/2025'),
	(429, 'TSC20250509103607', 'ROKE-02', 'Keset Kaki Jerami Super', 2, -12, '08/05/2025'),
	(430, 'TSC20250509103607', 'ROFF-01G2SET', 'Fast Food Glass Set (2) - Royalton', 3, -17, '08/05/2025'),
	(431, 'TSC20250509103607', 'GF-KBTB200', 'Krupuk Bocah Tua 200 gr', 1, -1, '08/05/2025'),
	(432, 'TSC20250509103607', 'ASFF-01GF', 'Food Warmer Square dengan Prasmanan  Wadah Prasmanan', 1, -7, '08/05/2025'),
	(433, 'TSC20250509103607', 'BB-ROCB01', 'hopping Board Wheat Straw Green', 1, -4, '08/05/2025'),
	(434, 'TSC20250509103607', 'BB-ASFM01MKBG', 'Mangkok Beige Wheatstraw', 1, -1, '08/05/2025'),
	(435, 'TSC20250509103607', 'ASOW-26', 'ggorengan Stainless Steel Oriental', 1, -5, '08/05/2025'),
	(436, 'TSC20250509103607', 'ASWK-04', 'el / Ceret Air Food Grade Full Stain', 1, -6, '08/05/2025'),
	(437, 'TSC20250509103607', 'ASWA-03', 'Spon Cuci Piring Warna Warni Spons Sponge Sabut Jaring Busa Tebal', 1, -1, '08/05/2025'),
	(438, 'TSC20250509103607', 'ASPS-05', 'Panci Set Tokyo', 3, -10, '08/05/2025'),
	(439, 'TSC20250509103607', 'ASCM-15', 'Corong Stainless 15 cm - Asta', 3, -12, '08/05/2025'),
	(440, 'TSC20250509103607', 'ASSC-18', 'Saos Stainless Steel Sauce Contain', 2, -2, '08/05/2025'),
	(441, 'TSC20250509103607', 'ASOW-30', 'Wajan Penggorengan Stainless Steel Oriental Wok 30 cm', 1, -19, '08/05/2025'),
	(442, 'TSC20250509103607', 'ASNP-01', 'Noodle Pot Panci Susu / Panci Rebus / Milk Pot 18 cm', 1, -5, '08/05/2025'),
	(443, 'TSC20250509103607', 'ASOW-02', 'Wajan Penggorengan Stainless Steel Oriental Wok 36 Cm', 2, -32, '08/05/2025'),
	(444, 'TSC20250509103607', 'ASOC-04', 'Pelindung Percikan Minyak Oil Spatter 04', 5, -88, '08/05/2025'),
	(445, 'TSC20250509103607', 'ASOC-01', 'Pelindung Percikan Minyak Oil Spatter 01', 1, -6, '08/05/2025'),
	(446, 'TSC20250509103607', 'ASOC-03', 'Pelindung Percikan Minyak Oil Spatter 03', 4, -22, '08/05/2025'),
	(447, 'TSC20250509103607', 'ASLL-03', 'Gayung Stainless Panjang 18 cm - Asta', 2, -10, '08/05/2025'),
	(448, 'TSC20250509103607', 'ASCM-11', 'Corong Stainless 11 cm - Asta', 1, -4, '08/05/2025'),
	(449, 'TSC20250509103607', 'AECO-0105', 'Cempal Oval Flower Purple - Asta', 1, -7, '08/05/2025'),
	(450, 'TSC20250509103607', 'AECO-0101', 'Cempal Oval Flower Green - Asta', 1, -2, '08/05/2025'),
	(451, 'TSC20250509103607', 'ASPM-115AM', 'Gilingan Mie / Pasta Maker Ampia', 1, -12, '08/05/2025'),
	(452, 'TSC20250509103607', 'ASMU-01', 'Gilingan Serbaguna Multiuse Mincer', 1, -8, '08/05/2025'),
	(453, 'TSC20250509103607', 'ASKK-02', 'Pisau daging 02', 1, -1, '08/05/2025'),
	(454, 'TSC20250509103607', 'ASFO-06', 'Food Tong Silicone 23 cm - Asta', 1, -2, '08/05/2025'),
	(455, 'TSC20250509103607', 'ROOS-05A', 'Oil Strainer / Saringan Minyak 30 cm', 3, -18, '08/05/2025'),
	(456, 'TSC20250509103607', 'ASWA-01', 'Spons Cuci Piring Kuning 1 pc', 6, -52, '08/05/2025'),
	(457, 'TSC20250509103607', 'ROOS-05', 'Oil Strainer / Saringan Minyak 28 cm', 2, -29, '08/05/2025'),
	(458, 'TSC20250509103607', 'ROCB-02BL', 'Sikat Lantai Pembersih 02 Blue', 1, -1, '08/05/2025'),
	(459, 'TSC20250509103607', 'ROCB-01GR', 'Sikat Baju green', 1, -4, '08/05/2025'),
	(460, 'TSC20250509103607', 'BB-ASPS07CP', 'Asta Jepitan Stainless Capitan Penjepit Makanan', 1, -10, '08/05/2025'),
	(461, 'TSC20250509103607', 'ASMB-24', 'Baskom Mangkok Stainless Steel Mixing Bowl Tebal Food Grade 24 cm', 8, -15, '08/05/2025'),
	(462, 'TSC20250509103607', 'ASSA-07', 'Cake Scrapper - Asta', 1, -1, '08/05/2025'),
	(463, 'TSC20250509103607', 'ASPM-115SS', 'Gilingan Mie / Pasta Maker Stainless', 2, -13, '08/05/2025'),
	(464, 'TSC20250509103607', 'ASSA-03A', 'Spatula Sutil sodet Stainless Steel Motif Coklat', 1, -2, '08/05/2025'),
	(465, 'TSC20250509103607', 'ASPU-01', 'Spons Mandi / Shower Puff', 2, -3, '08/05/2025'),
	(466, 'TSC20250509103607', 'ASPM-115RD', 'Gilingan Mie / Pasta Maker Red', 2, -8, '08/05/2025'),
	(467, 'TSC20250509103607', 'ASFMD-03KS', 'Keset Kaki / Floor Mat Diatomite 3D Oval 40x60 Motif 03', 2, -13, '08/05/2025'),
	(468, 'TSC20250509103607', 'ASFMD-03KB', 'Keset Kaki / Floor Mat Diatomite 3D Oval 50x80 Motif 03', 2, -3, '08/05/2025'),
	(469, 'TSC20250509103607', 'ASFMD-05KB', 'Keset Kaki / Floor Mat Diatomite 3D Kotak 50x80 Motif 05', 1, -42, '08/05/2025'),
	(470, 'TSC20250509103607', 'ASFMD-07VB', 'Keset Kaki / Floor Mat Diatomite 3D Oval 50x80 Motif 07', 2, -2, '08/05/2025'),
	(471, 'TSC20250509103607', 'ASFMD-06VB', 'Keset Kaki / Floor Mat Diatomite 3D Oval 50x80Motif 06', 2, -2, '08/05/2025'),
	(472, 'TSC20250509103607', 'ROOS-01', 'Oil Strainer / Saringan Minyak 18 cm', 1, -6, '08/05/2025'),
	(473, 'TSC20250509103607', 'ASPS01BCARD', 'Marbello Cookware Set Beige + CARD - Asta', 1, -11, '08/05/2025'),
	(474, 'TSC20250509103607', 'ROOP-02', 'Oil Pot Saringan Minyak 1.8 L', 1, -79, '08/05/2025'),
	(475, 'TSC20250509103607', 'BB-ASPS02SL', 'Soup Ladle Nylon Black', 1, -1, '08/05/2025'),
	(476, 'TSC20250509103607', 'ATCA-01', 'Panci Casserole Premium Tognana Casserole 24 cm', 1, -4, '08/05/2025'),
	(477, 'TSC20250509103607', 'ASWS-04', 'Spatula / Sutil Sode Kayu / Spatula kayu', 1, -12, '08/05/2025'),
	(478, 'TSC20250509103607', 'ASFF-SS', 'Sendok Irus Sop Laddie Stainless', 4, -94, '08/05/2025'),
	(479, 'TSC20250509103607', 'ROFF-01G', 'Wadah Saji Prasmanan', 1, -37, '08/05/2025'),
	(480, 'TSC20250509103607', 'RODL-01TQ', 'DLima Turquoise', 1, -5, '08/05/2025'),
	(481, 'TSC20250509103607', 'BB-ASSP01PC28', 'Stock Pot Steamer Set 28 cm', 1, -22, '08/05/2025'),
	(482, 'TSC20250509103607', 'BB-ASSP01PC23', 'Stock Pot Steamer Set 23 cm', 2, -13, '08/05/2025'),
	(483, 'TSC20250509103607', 'ASLB-05BROWN', 'Kotak Makan Stainless Steel Lunch Box 2 layer 2 sekat BROWN', 1, -1, '08/05/2025'),
	(484, 'TSC20250509103607', 'ASFO-05', 'Food Tong 23 cm - Asta', 1, -5, '08/05/2025'),
	(485, 'TSC20250509142123', 'ASSM-12', 'Saringan Mie 12 cm - Asta', 60, -60, '08/05/2025'),
	(486, 'TSC20250509142123', 'ASSM-14', 'Saringan Mie 14 cm - Asta', 60, -60, '08/05/2025'),
	(487, 'TSC20250509142123', 'ASFMR-19KS', 'Keset Kaki / Floor Mat Polyester Rubber Kotak 40x60 Motif 19', 350, -350, '08/05/2025'),
	(488, 'TSC20250509142123', 'ASFMR-18KS', 'Keset Kaki / Floor Mat Polyester Rubber Kotak 40x60 Motif 18', 350, -350, '08/05/2025'),
	(489, 'TSC20250509142123', 'ASPM-115RD', 'Gilingan Mie / Pasta Maker Red', 30, -38, '08/05/2025'),
	(490, 'TSC20250509142123', 'ASPM-115SS', 'Gilingan Mie / Pasta Maker Stainless', 120, -133, '08/05/2025'),
	(491, 'TSC20250509142123', 'ROOS-03', 'Oil Strainer / Saringan Minyak 24 cm', 40, -76, '08/05/2025'),
	(492, 'TSC20250509142123', 'ROOS-05A', 'Oil Strainer / Saringan Minyak 30 cm', 20, -38, '08/05/2025'),
	(493, 'TSC20250509142123', 'ASFMD-01VS', 'Keset Kaki / Floor Mat Diatomite 3D Oval 40x60 Motif 01', 90, -90, '08/05/2025'),
	(494, 'TSC20250509142123', 'ASFMD-01KS', 'Keset Kaki / Floor Mat Diatomite 3D Kotak 40x60 Motif 01', 90, -100, '08/05/2025'),
	(495, 'TSC20250509142123', 'ASFMD-02VS', 'Keset Kaki / Floor Mat Diatomite 3D Oval 40x60 Motif 02', 75, -175, '08/05/2025'),
	(496, 'TSC20250509142123', 'ASFMD-02KS', 'Keset Kaki / Floor Mat Diatomite 3D Kotak 40x60 Motif 02', 75, -175, '08/05/2025'),
	(497, 'TSC20250509142123', 'ASFMD-03KS', 'Keset Kaki / Floor Mat Diatomite 3D Oval 40x60 Motif 03', 75, -88, '08/05/2025'),
	(498, 'TSC20250509142123', 'ASFMD-04KS', 'Keset Kaki / Floor Mat Diatomite 3D Kotak 40x60 Motif 04', 50, -111, '08/05/2025'),
	(499, 'TSC20250509142123', 'ASFMD-05KS', 'Keset Kaki / Floor Mat Diatomite 3D Kotak 40x60 Motif 05', 87, -100, '08/05/2025'),
	(500, 'TSC20250509142123', 'ASFMD-06VS', 'Keset Kaki / Floor Mat Diatomite 3D Oval 40x60 Motif 06', 100, -110, '08/05/2025'),
	(501, 'TSC20250509142123', 'ASFMD-07VS', 'Keset Kaki / Floor Mat Diatomite 3D Oval 40x60 Motif 07', 130, -132, '08/05/2025'),
	(502, 'TSC20250509142123', 'ASFMD-08VS', 'Keset Kaki / Floor Mat Diatomite 3D Oval 40x60 Motif 08', 115, -115, '08/05/2025'),
	(503, 'TSC20250509142123', 'ASFMP-09KS', 'Keset Kaki / Floor Mat PVC Kotak 40x60 Motif 09', 50, -55, '08/05/2025'),
	(504, 'TSC20250509142123', 'ASFMP-11KS', 'Keset Kaki / Floor Mat PVC Kotak 40x60 Motif 11', 35, -90, '08/05/2025'),
	(505, 'TSC20250509142123', 'ASFMP-12KS', 'Keset Kaki / Floor Mat PVC Kotak 40x60 Motif 12', 35, -90, '08/05/2025'),
	(506, 'TSC20250509142123', 'ASBA-01', 'Bastra Baskom Parut Stainless Steel Baskom Serbaguna Multifungsi', 24, -26, '08/05/2025'),
	(507, 'TSC20250509142123', 'ASLB-02-BL', 'Kotak Makan Stainless Steel Lunch Box Dengan Tempat Sup BIRU', 12, -12, '08/05/2025'),
	(508, 'TSC20250509142123', 'ASLB-02-GR', 'Kotak Makan Stainless Steel Lunch Box Dengan Tempat Sup HIJAU', 12, -12, '08/05/2025'),
	(509, 'TSC20250509142123', 'ASLB-03-BL', 'Kotak Makan Stainless Steel Kotak Bekal Anti Tumpah BIRU', 12, -13, '08/05/2025'),
	(510, 'TSC20250509142123', 'ASLB-03-PK', 'Kotak Makan Stainless Steel Kotak Bekal Anti Tumpah PINK', 12, -13, '08/05/2025'),
	(511, 'TSC20250509142123', 'ASLB-04BROWN', 'Kotak Makan Stainless Steel Lunch Box 1 layer 2 sekat BROWN', 12, -13, '08/05/2025'),
	(512, 'TSC20250509142123', 'ASLB-04CREAM', 'Kotak Makan Stainless Steel Lunch Box 1 layer 2 sekat CREAM', 12, -13, '08/05/2025'),
	(513, 'TSC20250509142123', 'ASLB-05BROWN', 'Kotak Makan Stainless Steel Lunch Box 2 layer 2 sekat BROWN', 6, -7, '08/05/2025'),
	(514, 'TSC20250509142123', 'ASLB-05CREAM', 'Kotak Makan Stainless Steel Lunch Box 2 layer 2 sekat CREAM', 12, -13, '08/05/2025'),
	(515, 'TSC20250509142123', 'ASSA-01B', 'Spatula Sutil sodet kipas Stainless Steel Motif Marble', 100, -152, '08/05/2025'),
	(516, 'TSC20250509142123', 'ASSA-03A', 'Spatula Sutil sodet Stainless Steel Motif Coklat', 50, -52, '08/05/2025'),
	(517, 'TSC20250509142123', 'ASPM-150', 'Gilingan Mie / Pasta Maker Jumbo', 30, -30, '08/05/2025'),
	(518, 'TSC20250509142123', 'ROSM-10', 'Gelas Mug Stainless Steel Mug 10 cm', 96, -96, '08/05/2025'),
	(519, 'TSC20250509142123', 'ROSM-12', 'Gelas Mug Stainless Steel Mug 12 cm', 48, -50, '08/05/2025'),
	(520, 'TSC20250509142123', 'ASWS-02', 'Sutil Kayu / Spatula Kayu / Turner', 96, -145, '08/05/2025'),
	(521, 'TSC20250509142123', 'ASWS-03', 'Sendok Sop Kayu/ Centong Kayu', 24, -25, '08/05/2025'),
	(522, 'TSC20250509142123', 'ROOS-05', 'Oil Strainer / Saringan Minyak 28 cm', 20, -49, '08/05/2025'),
	(523, 'TSC20250509142123', 'ASCW-01', 'Wajan Penggorengan Stainless Steel Chef Wok 32 Cm', 25, -60, '08/05/2025'),
	(524, 'TSC20250509142123', 'ASCW-03', 'Wajan Penggorengan Stainless Steel Chef Wok 40 Cm', 25, -56, '08/05/2025'),
	(525, 'TSC20250509142123', 'ASCW-30', 'Wajan Penggorengan Stainless Steel Chef Wok 30 cm', 25, -41, '08/05/2025'),
	(526, 'TSC20250509142123', 'ASOW-02', 'Wajan Penggorengan Stainless Steel Oriental Wok 36 Cm', 25, -57, '08/05/2025'),
	(527, 'TSC20250509142123', 'ASOW-03', 'Wajan Penggorengan Stainless Steel Oriental Wok 40 Cm', 25, -58, '08/05/2025'),
	(528, 'TSC20250509142123', 'ASOW-05', 'Wajan Penggorengan Stainless Steel Oriental Wok 50 Cm', 30, -33, '08/05/2025'),
	(529, 'TSC20250509142123', 'ASOW-06', 'Wajan Penggorengan Stainless Steel Oriental Wok 60 Cm', 24, -27, '08/05/2025'),
	(530, 'TSC20250509142123', 'ASOW-30', 'Wajan Penggorengan Stainless Steel Oriental Wok 30 cm', 50, -69, '08/05/2025'),
	(531, 'TSC20250509142123', 'ASFMR-17KS', 'Keset Kaki / Floor Mat Polyester Rubber Kotak 40x60 Motif 17', 300, -300, '08/05/2025'),
	(532, 'TSC20250509142123', 'ROKE-01', 'Keset Kaki Mutiara Super', 400, -502, '08/05/2025'),
	(533, 'TSC20250509142123', 'BB-ROFF01BG', 'Fast Food Body Glass - Royalton', 480, -528, '08/05/2025'),
	(534, 'TSC20250509142123', 'BB-ROFF01BX', 'Fast Food Glass Box - Royalton', 480, -528, '08/05/2025'),
	(535, 'TSC20250509142123', 'BB-ROFF01TG', 'Fast Food Tutup Glass - Royalton', 480, -528, '08/05/2025'),
	(536, 'TSC20250509142123', 'ASFB-04', 'Kotak Penyimpanan Food Container 304 Stainless Steel + Tombol Kedap 700 ml', 12, -13, '08/05/2025'),
	(537, 'TSC20250509142123', 'ASFB-05', 'Kotak Penyimpanan Food Container 304 Stainless Steel + Tombol Kedap 1000 ml', 12, -13, '08/05/2025'),
	(538, 'TSC20250510104049', 'ASMU-01', 'Gilingan Serbaguna Multiuse Mincer', 64, -72, '09/05/2025'),
	(539, 'TSC20250510104049', 'ASFMD-05KS', 'Keset Kaki / Floor Mat Diatomite 3D Kotak 40x60 Motif 05', 1, -101, '09/05/2025'),
	(540, 'TSC20250510104049', 'ASFMD-05KB', 'Keset Kaki / Floor Mat Diatomite 3D Kotak 50x80 Motif 05', 1, -43, '09/05/2025'),
	(541, 'TSC20250510104049', 'ASOW-26', 'ggorengan Stainless Steel Oriental', 1, -6, '09/05/2025'),
	(542, 'TSC20250510104049', 'ROSM-12', 'Gelas Mug Stainless Steel Mug 12 cm', 2, -52, '09/05/2025'),
	(543, 'TSC20250510104049', 'ROOP-02', 'Oil Pot Saringan Minyak 1.8 L', 2, -81, '09/05/2025'),
	(544, 'TSC20250510104049', 'ROKS-01', 'Kitchen Scissors Black', 2, -32, '09/05/2025'),
	(545, 'TSC20250510104049', 'ROCP01-SETRD22CM', 'Classic Pot 22 cm Set Red', 1, -1, '09/05/2025'),
	(546, 'TSC20250510104049', 'ASCW-02', 'Wajan Penggorengan Stainless Steel Chef Wok 36 Cm', 1, -33, '09/05/2025'),
	(547, 'TSC20250510104049', 'ROKE-04', 'Asta Keset Kaki Labtai Serap Air Sumbu Oval Tebal 40 x 60cm', 5, -6, '09/05/2025'),
	(548, 'TSC20250510104049', 'ROKE-013PCS', 'Keset Kaki Mutiara Super isi 3pcs', 2, -4, '09/05/2025'),
	(549, 'TSC20250510104049', 'ASWA-01', 'Spons Cuci Piring Kuning 1 pc', 12, -64, '09/05/2025'),
	(550, 'TSC20250510104049', 'ROKE-01', 'Keset Kaki Mutiara Super', 24, -526, '09/05/2025'),
	(551, 'TSC20250510104049', 'ROFF-01G2SET', 'Fast Food Glass Set (2) - Royalton', 1, -18, '09/05/2025'),
	(552, 'TSC20250510104049', 'ROFF-01G', 'Wadah Saji Prasmanan', 6, -43, '09/05/2025'),
	(553, 'TSC20250510104049', 'BB-ROCB01', 'hopping Board Wheat Straw Green', 2, -6, '09/05/2025'),
	(554, 'TSC20250510104049', 'BB-ASSP01PC28', 'Stock Pot Steamer Set 28 cm', 3, -25, '09/05/2025'),
	(555, 'TSC20250510104049', 'ASFF-SS', 'Sendok Irus Sop Laddie Stainless', 5, -99, '09/05/2025'),
	(556, 'TSC20250510104049', 'BB-ASSP01PC25', 'Stock Pot Steamer Set 25 cm', 2, -28, '09/05/2025'),
	(557, 'TSC20250510104049', 'BB-ASPMES', 'Pemisah Telur Plastik / Egg Seperator', 1, -5, '09/05/2025'),
	(558, 'TSC20250510104049', 'BB-ASSP01PC23OF', 'Stock Pot Steamer Set 23 cm defect', 1, -1, '09/05/2025'),
	(559, 'TSC20250510104049', 'ASWA-016PCS', 'Spons Cuci Piring Kuning 6 pcs', 1, -3, '09/05/2025'),
	(560, 'TSC20250510104049', 'BB-ASSP01PC23', 'Stock Pot Steamer Set 23 cm', 1, -14, '09/05/2025'),
	(561, 'TSC20250510104049', 'BB-ASPS07CP', 'Asta Jepitan Stainless Capitan Penjepit Makanan', 1, -11, '09/05/2025'),
	(562, 'TSC20250510104049', 'ASPS-01', 'Panci Set Marbello Panci Set Lengkap Anti Lengket', 115, -127, '09/05/2025'),
	(563, 'TSC20250510104049', 'ASCS-0404', 'Garpu Stainless isi 4 - Asta', 1, -1, '09/05/2025'),
	(564, 'TSC20250510104049', 'ASCS-0304', 'Sendok Stainless isi 4 - Asta', 1, -1, '09/05/2025'),
	(565, 'TSC20250510104049', 'ASCB-02', 'Wooden Chopping Board 02 - Asta', 1, -1, '09/05/2025'),
	(566, 'TSC20250510104049', 'ASWA-026PCS', 'Pisau daging 026PCS', 1, -4, '09/05/2025'),
	(567, 'TSC20250510104049', 'ASSP-04', 'Steamer Pot 2 Susun - Asta', 2, -8, '09/05/2025'),
	(568, 'TSC20250510104049', 'ASSP-02', 'Stock Pot 02', 1, -3, '09/05/2025'),
	(569, 'TSC20250510104049', 'ASPU-01', 'Spons Mandi / Shower Puff', 1, -4, '09/05/2025'),
	(570, 'TSC20250510104049', 'ASOW-30', 'Wajan Penggorengan Stainless Steel Oriental Wok 30 cm', 1, -70, '09/05/2025'),
	(571, 'TSC20250510104049', 'ASOW-28', 'Wajan Penggorengan Stainless Steel Oriental Wok 28 cm', 2, -30, '09/05/2025'),
	(572, 'TSC20250510104049', 'ASOC-04', 'Pelindung Percikan Minyak Oil Spatter 04', 65, -153, '09/05/2025'),
	(573, 'TSC20250510104049', 'ASOC-03', 'Pelindung Percikan Minyak Oil Spatter 03', 51, -73, '09/05/2025'),
	(574, 'TSC20250510104049', 'ASLB-05CREAM', 'Kotak Makan Stainless Steel Lunch Box 2 layer 2 sekat CREAM', 2, -15, '09/05/2025'),
	(575, 'TSC20250510104049', 'ASCW-30', 'Wajan Penggorengan Stainless Steel Chef Wok 30 cm', 1, -42, '09/05/2025'),
	(576, 'TSC20250510104049', 'ASCW-01', 'Wajan Penggorengan Stainless Steel Chef Wok 32 Cm', 1, -61, '09/05/2025'),
	(577, 'TSC20250510104049', 'ASCM-15', 'Corong Stainless 15 cm - Asta', 1, -13, '09/05/2025'),
	(578, 'TSC20250510104049', 'AECO-0204', 'Asta Cempal Anti Panas Tebal Pelindung Tangan Busa Katun Premium 1 piece', 2, -4, '09/05/2025'),
	(579, 'TSC20250510104049', 'ROOS-05A', 'Oil Strainer / Saringan Minyak 30 cm', 4, -42, '09/05/2025'),
	(580, 'TSC20250510104049', 'ROOS-05', 'Oil Strainer / Saringan Minyak 28 cm', 1, -50, '09/05/2025'),
	(581, 'TSC20250510104049', 'ROOS-03', 'Oil Strainer / Saringan Minyak 24 cm', 5, -81, '09/05/2025'),
	(582, 'TSC20250510104049', 'ROOS-02', 'Oil Strainer / Saringan Minyak 22 cm', 145, -146, '09/05/2025'),
	(583, 'TSC20250510104049', 'BB-ASFM01PRBG', 'Piring Beige Wheatstraw', 1, -1, '09/05/2025'),
	(584, 'TSC20250510104049', 'ASPS-05', 'Panci Set Tokyo', 19, -29, '09/05/2025'),
	(585, 'TSC20250510104049', 'ASPM-115SS', 'Gilingan Mie / Pasta Maker Stainless', 3, -136, '09/05/2025'),
	(586, 'TSC20250510104049', 'ASFO-06', 'Food Tong Silicone 23 cm - Asta', 1, -3, '09/05/2025'),
	(587, 'TSC20250510104049', 'ASMB-36', 'Baskom Mangkok Stainless Steel Mixing Bowl Tebal Food Grade 36 cm', 3, -5, '09/05/2025'),
	(588, 'TSC20250510104049', 'ASMB-34', 'Baskom Mangkok Stainless Steel Mixing Bowl Tebal Food Grade 34 cm', 3, -4, '09/05/2025'),
	(589, 'TSC20250510104049', 'ASPS01BCARD', 'Marbello Cookware Set Beige + CARD - Asta', 1, -12, '09/05/2025'),
	(590, 'TSC20250510104049', 'ASLB-01-4P', 'Lunch Box 01 4 Compartments Pink - Asta', 1, -7, '09/05/2025'),
	(591, 'TSC20250510104049', 'ASFB-05', 'Kotak Penyimpanan Food Container 304 Stainless Steel + Tombol Kedap 1000 ml', 1, -14, '09/05/2025'),
	(592, 'TSC20250510104049', 'ASFB-04', 'Kotak Penyimpanan Food Container 304 Stainless Steel + Tombol Kedap 700 ml', 2, -15, '09/05/2025'),
	(593, 'TSC20250510104049', 'ASOC-02', 'Pelindung Percikan Minyak Oil Spatter 02', 12, -28, '09/05/2025'),
	(594, 'TSC20250510104049', 'ASWK-03CM', 'Teko / Ketel / Ceret Air Food Grade Valentina Whistling Kettle Marble HandleKayu CREAM', 192, -238, '09/05/2025'),
	(595, 'TSC20250510104049', 'ASOW-03', 'Wajan Penggorengan Stainless Steel Oriental Wok 40 Cm', 25, -83, '09/05/2025'),
	(596, 'TSC20250510104049', 'ASPM-115RD', 'Gilingan Mie / Pasta Maker Red', 60, -98, '09/05/2025'),
	(597, 'TSC20250510104049', 'ASPS-01B', 'Marbello Cookware Set Beige - Asta', 24, -32, '09/05/2025'),
	(598, 'TSC20250510104049', 'ASPS-02', 'Panci Set Lemona Panci Set Lengkap Anti Lengket', 2, -5, '09/05/2025'),
	(599, 'TSC20250510104049', 'ASPS-08', 'Panci Set Cappucino Panci Set Lengkap Anti Lengket', 5, -6, '09/05/2025'),
	(600, 'TSC20250510104049', 'ASWK-03BM', 'Teko / Ketel / Ceret Air Food Grade Valentina Whistling Kettle Marble HandleKayu BLACK', 12, -23, '09/05/2025'),
	(601, 'TSC20250510104049', 'ASPS-12', 'Panci Set Valentina Milan Panci Set Lengkap Anti Lengket', 2, -35, '09/05/2025'),
	(602, 'TSC20250510104049', 'ASMB-30', 'Baskom Mangkok Stainless Steel Mixing Bowl Tebal Food Grade 30 cm', 2, -2, '09/05/2025'),
	(603, 'TSC20250510104049', 'ASMB-40', 'Baskom Mangkok Stainless Steel Mixing Bowl Tebal Food Grade 40 cm', 2, -2, '09/05/2025'),
	(604, 'TSC20250510104653', 'BB-RFBY', 'Fast Food Dish Round with Slove', 2, -2, '09/05/2025'),
	(605, 'TSC20250510104653', 'ASPS-05', 'Panci Set Tokyo', 6, -35, '09/05/2025'),
	(606, 'TSC20250510104653', 'ROOP-01', 'Oil Pot Saringan Minyak 1.3 L', 10, -63, '09/05/2025'),
	(607, 'TSC20250510104653', 'ROOP-02', 'Oil Pot Saringan Minyak 1.8 L', 10, -91, '09/05/2025'),
	(608, 'TSC20250510104653', 'ASOC-03', 'Pelindung Percikan Minyak Oil Spatter 03', 10, -83, '09/05/2025'),
	(609, 'TSC20250510104653', 'ASOC-04', 'Pelindung Percikan Minyak Oil Spatter 04', 10, -163, '09/05/2025'),
	(610, 'TSC20250510104653', 'ASOW-28', 'Wajan Penggorengan Stainless Steel Oriental Wok 28 cm', 10, -40, '09/05/2025'),
	(611, 'TSC20250510104653', 'ASOW-02', 'Wajan Penggorengan Stainless Steel Oriental Wok 36 Cm', 3, -60, '09/05/2025'),
	(612, 'TSC20250510104653', 'ASPM-115SS', 'Gilingan Mie / Pasta Maker Stainless', 6, -142, '09/05/2025'),
	(613, 'TSC20250510104653', 'BB-ASSP01PC25', 'Stock Pot Steamer Set 25 cm', 6, -34, '09/05/2025'),
	(614, 'TSC20250510104653', 'BB-ASSP01PC30', 'Stock Pot Steamer Set 30 cm', 18, -54, '09/05/2025'),
	(615, 'TSC20250510104653', 'ASFF-SS', 'Sendok Irus Sop Laddie Stainless', 24, -123, '09/05/2025'),
	(616, 'TSC20250510104653', 'ASPS-01', 'Panci Set Marbello Panci Set Lengkap Anti Lengket', 16, -143, '09/05/2025'),
	(617, 'TSC20250510104653', 'ASPS01CARD', 'Marbello Cookware Set + CARD - Asta', 3, -11, '09/05/2025'),
	(618, 'TSC20250510104653', 'ASWK-03BM', 'Teko / Ketel / Ceret Air Food Grade Valentina Whistling Kettle Marble HandleKayu BLACK', 12, -35, '09/05/2025'),
	(619, 'TSC20250510104653', 'ASWK-03CM', 'Teko / Ketel / Ceret Air Food Grade Valentina Whistling Kettle Marble HandleKayu CREAM', 12, -250, '09/05/2025'),
	(620, 'TSC20250510104653', 'ROFF-01G', 'Wadah Saji Prasmanan', 12, -55, '09/05/2025'),
	(621, 'TSC20250513000329', 'AECK-0101', 'Cempal Kotak White Beige - Asta', 5, -5, ''),
	(622, 'TSC20250513000329', 'AECO-0101', 'Cempal Oval Flower Green - Asta', 5, -7, ''),
	(623, 'TSC20250515005810', 'AECK-0101', 'Cempal Kotak White Beige - Asta', 5, 0, '15/05/2025'),
	(624, 'TSC20250515005810', 'AECO-0101', 'Cempal Oval Flower Green - Asta', 5, -2, '15/05/2025'),
	(625, 'TSC20250516150837', 'AECK-0101', 'Cempal Kotak White Beige - Asta', 10, -10, ''),
	(626, 'TSC20250516150837', 'AECO-0101', 'Cempal Oval Flower Green - Asta', 10, -10, '');

-- Dumping structure for table db_astawms.gudang
CREATE TABLE IF NOT EXISTS `gudang` (
  `idgudang` int NOT NULL AUTO_INCREMENT,
  `nama_gudang` varchar(100) CHARACTER SET utf8mb4 COLLATE utf8mb4_general_ci NOT NULL DEFAULT '',
  PRIMARY KEY (`idgudang`)
) ENGINE=InnoDB AUTO_INCREMENT=4 DEFAULT CHARSET=utf8mb4 COLLATE=utf8mb4_general_ci;

-- Dumping data for table db_astawms.gudang: ~2 rows (approximately)
REPLACE INTO `gudang` (`idgudang`, `nama_gudang`) VALUES
	(1, 'Gudang Krian'),
	(2, 'Gudang Northwest');

-- Dumping structure for table db_astawms.instock
CREATE TABLE IF NOT EXISTS `instock` (
  `idinstock` int NOT NULL AUTO_INCREMENT,
  `idgudang` int DEFAULT NULL,
  `instock_code` varchar(200) CHARACTER SET utf8mb4 COLLATE utf8mb4_general_ci DEFAULT NULL,
  `tgl_terima` date DEFAULT NULL,
  `jam_terima` time DEFAULT NULL,
  `datetime` datetime DEFAULT NULL,
  `user` varchar(200) CHARACTER SET utf8mb4 COLLATE utf8mb4_general_ci DEFAULT NULL,
  `kategori` varchar(200) CHARACTER SET utf8mb4 COLLATE utf8mb4_general_ci DEFAULT NULL,
  `no_manual` varchar(200) CHARACTER SET utf8mb4 COLLATE utf8mb4_general_ci DEFAULT NULL,
  `created_by` varchar(200) CHARACTER SET utf8mb4 COLLATE utf8mb4_general_ci DEFAULT NULL,
  `created_date` datetime DEFAULT NULL,
  `status_verification` int DEFAULT NULL,
  PRIMARY KEY (`idinstock`)
) ENGINE=InnoDB AUTO_INCREMENT=15 DEFAULT CHARSET=utf8mb4 COLLATE=utf8mb4_general_ci;

-- Dumping data for table db_astawms.instock: ~8 rows (approximately)
REPLACE INTO `instock` (`idinstock`, `idgudang`, `instock_code`, `tgl_terima`, `jam_terima`, `datetime`, `user`, `kategori`, `no_manual`, `created_by`, `created_date`, `status_verification`) VALUES
	(6, 1, 'TSC20250513000247', '2025-05-13', '00:02:47', '2025-05-13 00:02:47', 'Superadmin', 'Barang Masuk', 'test01', 'Superadmin', '2025-05-13 00:02:47', 1),
	(7, 1, 'TSC20250515005738', '2025-05-15', '00:57:38', '2025-05-15 00:57:38', 'Superadmin', 'Barang Masuk', 'test02', 'Superadmin', '2025-05-15 00:57:38', 2),
	(8, 1, 'TSC20250515013832', '2025-05-15', '01:38:32', '2025-05-15 01:38:32', 'Superadmin', 'Barang Masuk', 'tea1', 'Superadmin', '2025-05-15 01:38:32', 2),
	(9, 1, 'TSC20250515014125', '2025-05-15', '01:41:25', '2025-05-15 01:41:25', 'Superadmin', 'Barang Masuk', 'dwads', 'Superadmin', '2025-05-15 01:41:25', 2),
	(10, 1, 'TSC20250515094057', '2025-05-15', '09:40:57', '2025-05-15 09:40:57', 'Superadmin', 'Barang Masuk', 'test01', 'Superadmin', '2025-05-15 09:40:57', 2),
	(11, 1, 'TSC20250516150811', '2025-05-16', '15:08:11', '2025-05-16 15:08:11', 'Superadmin', 'Barang Masuk', 'test04', 'Superadmin', '2025-05-16 15:08:11', 2),
	(12, 1, 'TSC20250517102701', '2025-05-17', '10:27:01', '2025-05-17 10:27:01', 'Superadmin', 'Barang Masuk', 'test05', 'Superadmin', '2025-05-17 10:27:01', 2),
	(13, 1, 'TSC20250517103407', '2025-05-17', '10:34:07', '2025-05-17 10:34:07', 'Superadmin', 'Barang Masuk', 'test01', 'Superadmin', '2025-05-17 10:34:07', 2),
	(14, 1, 'TSC20250517104512', '2025-05-17', '10:45:12', '2025-05-17 10:45:12', 'Superadmin', 'Barang Masuk', 'test13', 'Superadmin', '2025-05-17 10:45:12', 2);

-- Dumping structure for table db_astawms.outstock
CREATE TABLE IF NOT EXISTS `outstock` (
  `idoutstock` int NOT NULL AUTO_INCREMENT,
  `idgudang` int DEFAULT NULL,
  `outstock_code` varchar(200) CHARACTER SET utf8mb4 COLLATE utf8mb4_general_ci DEFAULT NULL,
  `tgl_keluar` date DEFAULT NULL,
  `jam_keluar` time DEFAULT NULL,
  `datetime` datetime DEFAULT NULL,
  `user` varchar(200) CHARACTER SET utf8mb4 COLLATE utf8mb4_general_ci DEFAULT NULL,
  `kategori` varchar(200) CHARACTER SET utf8mb4 COLLATE utf8mb4_general_ci DEFAULT NULL,
  `no_manual` varchar(200) CHARACTER SET utf8mb4 COLLATE utf8mb4_general_ci DEFAULT NULL,
  `created_by` varchar(200) CHARACTER SET utf8mb4 COLLATE utf8mb4_general_ci DEFAULT NULL,
  `created_date` datetime DEFAULT NULL,
  `status_verification` int DEFAULT NULL,
  PRIMARY KEY (`idoutstock`)
) ENGINE=InnoDB AUTO_INCREMENT=15 DEFAULT CHARSET=utf8mb4 COLLATE=utf8mb4_general_ci;

-- Dumping data for table db_astawms.outstock: ~11 rows (approximately)
REPLACE INTO `outstock` (`idoutstock`, `idgudang`, `outstock_code`, `tgl_keluar`, `jam_keluar`, `datetime`, `user`, `kategori`, `no_manual`, `created_by`, `created_date`, `status_verification`) VALUES
	(1, 1, 'TSC20250429134445', '2025-04-29', '13:44:45', '2025-04-29 13:44:45', 'Alfi', 'Barang Keluar', NULL, 'Alfi', '2025-04-29 13:44:45', 1),
	(2, 1, 'TSC20250429141448', '2025-04-29', '14:14:48', '2025-04-29 14:14:48', 'Alfi', 'Barang Keluar', NULL, 'Alfi', '2025-04-29 14:14:48', 1),
	(3, 1, 'TSC20250502105027', '2025-05-02', '10:50:27', '2025-05-02 10:50:27', 'Alfi', 'Barang Keluar', NULL, 'Alfi', '2025-05-02 10:50:27', 1),
	(4, 1, 'TSC20250507091320', '2025-05-07', '09:13:20', '2025-05-07 09:13:20', 'Alfi', 'Barang Keluar', NULL, 'Alfi', '2025-05-07 09:13:20', 1),
	(5, 1, 'TSC20250507153454', '2025-05-07', '15:34:54', '2025-05-07 15:34:54', 'Alfi', 'Barang Keluar', NULL, 'Alfi', '2025-05-07 15:34:54', 1),
	(6, 1, 'TSC20250508131242', '2025-05-08', '13:12:42', '2025-05-08 13:12:42', 'Alfi', 'Barang Keluar', NULL, 'Alfi', '2025-05-08 13:12:42', 1),
	(7, 1, 'TSC20250508145955', '2025-05-08', '14:59:55', '2025-05-08 14:59:55', 'Alfi', 'Barang Keluar', NULL, 'Alfi', '2025-05-08 14:59:55', 1),
	(8, 1, 'TSC20250509103607', '2025-05-09', '10:36:07', '2025-05-09 10:36:07', 'Alfi', 'Barang Keluar', NULL, 'Alfi', '2025-05-09 10:36:07', 1),
	(9, 1, 'TSC20250509142123', '2025-05-09', '14:21:23', '2025-05-09 14:21:23', 'Alfi', 'Barang Keluar', NULL, 'Alfi', '2025-05-09 14:21:23', 1),
	(10, 1, 'TSC20250510104049', '2025-05-10', '10:40:49', '2025-05-10 10:40:49', 'Alfi', 'Barang Keluar', NULL, 'Alfi', '2025-05-10 10:40:49', 1),
	(11, 1, 'TSC20250510104653', '2025-05-10', '10:46:53', '2025-05-10 10:46:53', 'Alfi', 'Barang Keluar', NULL, 'Alfi', '2025-05-10 10:46:53', 1),
	(12, 1, 'TSC20250513000329', '2025-05-13', '00:03:29', '2025-05-13 00:03:29', 'Superadmin', 'Barang Keluar', 'test01', 'Superadmin', '2025-05-13 00:03:29', 1),
	(13, 1, 'TSC20250515005810', '2025-05-15', '00:58:10', '2025-05-15 00:58:10', 'Superadmin', 'Barang Keluar', 'test03', 'Superadmin', '2025-05-15 00:58:10', 2),
	(14, 2, 'TSC20250516150837', '2025-05-16', '15:08:37', '2025-05-16 15:08:37', 'Superadmin', 'Barang Keluar', 'test04', 'Superadmin', '2025-05-16 15:08:37', 2);

-- Dumping structure for table db_astawms.product
CREATE TABLE IF NOT EXISTS `product` (
  `idproduct` int NOT NULL AUTO_INCREMENT,
  `sku` varchar(200) CHARACTER SET utf8mb4 COLLATE utf8mb4_general_ci DEFAULT NULL,
  `nama_produk` varchar(200) CHARACTER SET utf8mb4 COLLATE utf8mb4_general_ci DEFAULT NULL,
  `gambar` varchar(200) CHARACTER SET utf8mb4 COLLATE utf8mb4_general_ci DEFAULT NULL,
  `barcode` varchar(200) CHARACTER SET utf8mb4 COLLATE utf8mb4_general_ci DEFAULT NULL,
  `sni` varchar(200) CHARACTER SET utf8mb4 COLLATE utf8mb4_general_ci DEFAULT NULL,
  `created_by` varchar(200) CHARACTER SET utf8mb4 COLLATE utf8mb4_general_ci DEFAULT NULL,
  `created_date` datetime DEFAULT NULL,
  `updated_by` varchar(200) CHARACTER SET utf8mb4 COLLATE utf8mb4_general_ci DEFAULT NULL,
  `updated_date` datetime DEFAULT NULL,
  `status` int DEFAULT '1',
  PRIMARY KEY (`idproduct`)
) ENGINE=InnoDB AUTO_INCREMENT=540 DEFAULT CHARSET=utf8mb4 COLLATE=utf8mb4_general_ci;

-- Dumping data for table db_astawms.product: ~536 rows (approximately)
REPLACE INTO `product` (`idproduct`, `sku`, `nama_produk`, `gambar`, `barcode`, `sni`, `created_by`, `created_date`, `updated_by`, `updated_date`, `status`) VALUES
	(1, 'AECK-0101', 'Cempal Kotak White Beige - Asta', '', 'AECK-0101', '', NULL, NULL, 'Superadmin', '2025-04-26 18:11:53', 1),
	(2, 'AECO-0101', 'Cempal Oval Flower Green - Asta', '', 'AECO-0101', '', NULL, NULL, NULL, NULL, 1),
	(3, 'AECO-0102', 'Cempal Oval White Beige - Asta', '', 'AECO-0102', '', NULL, NULL, NULL, NULL, 1),
	(4, 'AECO-0103', 'Cempal Oval Peach - Asta', '', 'AECO-0103', '', NULL, NULL, NULL, NULL, 1),
	(5, 'AECO-0104', 'Cempal Oval Flower Blue - Asta', '', 'AECO-0104', '', NULL, NULL, NULL, NULL, 1),
	(6, 'AECO-0105', 'Cempal Oval Flower Purple - Asta', '', 'AECO-0105', '', NULL, NULL, NULL, NULL, 1),
	(7, 'AECO-0106', 'Cempal Oval Flower Purple- Asta', '', 'AECO-0106', '', NULL, NULL, NULL, NULL, 1),
	(8, 'AECO-0201', 'Cempal Oval Flower Blue in Pink Lining - Asta', '', 'AECO-0201', '', NULL, NULL, NULL, NULL, 1),
	(9, 'AECO-0201+AEHG-0201', 'Sarung Tangan 0201 + Cempal 0201', '', 'AECO-0201+AEHG-0201', '', NULL, NULL, 'Superadmin', '2025-04-26 18:29:26', 1),
	(10, 'AECO-0202', 'Cempal Oval Flower Pink in Mint Lining - Asta', '', 'AECO-0202', '', NULL, NULL, NULL, NULL, 1),
	(11, 'AECO-0202+AEHG-0202', 'Sarung Tangan 0202 + Cempal 0202', '', 'AECO-0202+AEHG-0202', '', NULL, NULL, 'Superadmin', '2025-04-26 18:29:43', 1),
	(12, 'AECO-0203', 'Cempal Oval Flower Purple in Mint Lining  - Asta', '', 'AECO-0203', '', NULL, NULL, NULL, NULL, 1),
	(13, 'AECO-0301', 'Cempal Sarung Oval Flower Green in Green Lining - Asta', '', 'AECO-0301', '', NULL, NULL, NULL, NULL, 1),
	(14, 'AECO-0302', 'Cempal Sarung Oval Flower Pink in Mint Lining - Asta', '', 'AECO-0302', '', NULL, NULL, NULL, NULL, 1),
	(15, 'AECO-0303', 'Cempal Sarung Oval Flower Purple in Pink Lining - Asta', '', 'AECO-0303', '', NULL, NULL, NULL, NULL, 1),
	(16, 'AECO-0304', 'Cempal Sarung Oval Flower Purple in Purple Lining - Asta', '', 'AECO-0304', '', NULL, NULL, NULL, NULL, 1),
	(17, 'AECO-0305', 'Cempal Sarung Oval Flower Blue in Pink Lining - Asta', '', 'AECO-0305', '', NULL, NULL, NULL, NULL, 1),
	(18, 'AECO-0306', 'Cempal Sarung Oval Flower Pink ini Green Lining - Asta', '', 'AECO-0306', '', NULL, NULL, NULL, NULL, 1),
	(19, 'AECO-0307', 'Cempal Sarung Oval Flower Red in Red Lining - Asta', '', 'AECO-0307', '', NULL, NULL, NULL, NULL, 1),
	(20, 'AEHG-0101', 'Sarung Tangan Flower Purple - Asta', '', 'AEHG-0101', '', NULL, NULL, NULL, NULL, 1),
	(21, 'AEHG-0102', 'Sarung Tangan Flower Blue - Asta', '', 'AEHG-0102', '', NULL, NULL, NULL, NULL, 1),
	(22, 'AEHG-0103', 'arung Tangan Flower Purple 2 - Ast', '', 'AEHG-0103', '', NULL, NULL, NULL, NULL, 1),
	(23, 'AEHG-0201', 'Sarung Tangan Flower Blue in Pink lining - Asta', '', 'AEHG-0201', '', NULL, NULL, NULL, NULL, 1),
	(24, 'AEHG-0202', 'Sarung Tangan Flower Pink in Mint lining - Asta', '', 'AEHG-0202', '', NULL, NULL, NULL, NULL, 1),
	(25, 'AEHG-0203', 'Sarung Tangan Flower Purple in Mint lining - Asta', '', 'AEHG-0203', '', NULL, NULL, NULL, NULL, 1),
	(26, 'AEHG-0301', 'Sarung Tangan Oven Panjang Flower Green in Green lining - Asta', '', 'AEHG-0301', '', NULL, NULL, NULL, NULL, 1),
	(27, 'AEHG-0302', 'Sarung Tangan Oven Panjang Flower Purple in Pink lining - Asta', '', 'AEHG-0302', '', NULL, NULL, NULL, NULL, 1),
	(28, 'AEHG-0303', 'Sarung Tangan Oven Panjang Flower Purple in Purple lining - Asta', '', 'AEHG-0303', '', NULL, NULL, NULL, NULL, 1),
	(29, 'AEHG-0304', 'Sarung Tangan Oven Panjang Flower Pink in Green lining - Asta', '', 'AEHG-0304', '', NULL, NULL, NULL, NULL, 1),
	(30, 'AEHG-0305', 'Sarung Tangan Oven Panjang Flower Red in Red lining - Asta', '', 'AEHG-0305', '', NULL, NULL, NULL, NULL, 1),
	(31, 'AEKA-0201', 'Kitchen Apron Garis Biru - Asta', '', 'AEKA-0201', '', NULL, NULL, NULL, NULL, 1),
	(32, 'AEKA-0202', 'Kitchen Apron Kotak Hijau - Asta', '', 'AEKA-0202', '', NULL, NULL, NULL, NULL, 1),
	(33, 'AEKA-0203', 'Kitchen Apron Lemon - Asta', '', 'AEKA-0203', '', NULL, NULL, NULL, NULL, 1),
	(34, 'AEKA-0601', 'Kitchen Apron Ruffle Beige - Asta', '', 'AEKA-0601', '', NULL, NULL, NULL, NULL, 1),
	(35, 'AEKA-0602', 'Kitchen Apron Ruffle Pink- Asta', '', 'AEKA-0602', '', NULL, NULL, NULL, NULL, 1),
	(36, 'AEKA-0603', 'Kitchen Apron Ruffle Navy - Asta', '', 'AEKA-0603', '', NULL, NULL, NULL, NULL, 1),
	(37, 'AEKA-0604', 'Kitchen Apron Ruffle  Mint- Asta', '', 'AEKA-0604', '', NULL, NULL, NULL, NULL, 1),
	(38, 'AKFP-01', 'Panci Penggorengan Premium CS Koch Fry Pan 24 cm', '', 'AKFP-01', '', NULL, NULL, NULL, NULL, 1),
	(39, 'AKWO-01', 'Panci Wok Premium + Tutup Kaca CS Koch Wok 32 cm', '', 'AKWO-01', '', NULL, NULL, NULL, NULL, 1),
	(40, 'ANCA-01', 'Panci Casserole Premium Neoflam Casserole 24 cm', '', 'ANCA-01', '', NULL, NULL, NULL, NULL, 1),
	(41, 'ASAP-16', 'Ambrosia Panci Susu Milk Pot + Tutup Kaca 16 cm', '', 'ASAP-16', '', NULL, NULL, NULL, NULL, 1),
	(42, 'ASAP-16+ASSL-01BL', 'Ambrosia panci susu biru + soup ladle biru', '', 'ASAP-16+ASSL-01BL', '', NULL, NULL, NULL, NULL, 1),
	(43, 'ASAP-16S', 'Ambrosia Panci Susu Milk Pot + Tutup + Steamer', '', 'ASAP-16S', '', NULL, NULL, NULL, NULL, 1),
	(44, 'ASAP-16S+ASSL-01PK', 'Ambrosia pink + Soup ladle pink', '', 'ASAP-16S+ASSL-01PK', '', NULL, NULL, NULL, NULL, 1),
	(45, 'ASAP-22', 'Ambrosia Panci Sop Casserole Tutup Kaca', '', 'ASAP-22', '', NULL, NULL, NULL, NULL, 1),
	(46, 'ASAP-22+ASSL-01BL', 'ambrosia soup pan 22 + soup ladle biru', '', 'ASAP-22+ASSL-01BL', '', NULL, NULL, NULL, NULL, 1),
	(47, 'ASBA-01', 'Bastra Baskom Parut Stainless Steel Baskom Serbaguna Multifungsi', '', 'ASBA-01', '', NULL, NULL, NULL, NULL, 1),
	(48, 'ASBM-03S', 'Baking Mat / Alas Panggangan Roti', '', 'ASBM-03S', '', NULL, NULL, NULL, NULL, 1),
	(49, 'ASBS-01', 'Bakeware Loyang / Cetakan Kue Set 6 in 1 Anti Lengket', '', 'ASBS-01', '', NULL, NULL, NULL, NULL, 1),
	(50, 'ASBU-M01GY', 'New Bunda Mop ABU', '', 'ASBU-M01GY', '', NULL, NULL, NULL, NULL, 1),
	(51, 'ASBU-M01SC', 'New Bunda Mop Coklat', '', 'ASBU-M01SC', '', NULL, NULL, NULL, NULL, 1),
	(52, 'ASBU-M01TQ', 'New Bunda Mop Biru', '', 'ASBU-M01TQ', '', NULL, NULL, NULL, NULL, 1),
	(53, 'ASBU-M02WH', 'Bunda Mop Ekonomis White - Asta', '', 'ASBU-M02WH', '', NULL, NULL, NULL, NULL, 1),
	(54, 'ASBU-MS1', 'Tongkat Pel Grey Mop Set + Kain Refill Mop', '', 'ASBU-MS1', '', NULL, NULL, NULL, NULL, 1),
	(55, 'ASBU-WP35', 'Floor Wiper 35 cm - Asta', '', 'ASBU-WP35', '', NULL, NULL, NULL, NULL, 1),
	(56, 'ASBU-WP50', 'Floor Wiper 50 cm - Asta', '', 'ASBU-WP50', '', NULL, NULL, NULL, NULL, 1),
	(57, 'ASCB-01GR', 'Talenan Kayu Premium + Ulekan Talenan Kayu Inovasi Baru HIJAU', '', 'ASCB-01GR', '', NULL, NULL, NULL, NULL, 1),
	(58, 'ASCB-01PK', 'Talenan Kayu Premium + Ulekan Talenan Kayu Inovasi Baru PINK', '', 'ASCB-01PK', '', NULL, NULL, NULL, NULL, 1),
	(59, 'ASCB-01PR', 'Talenan Kayu Premium + Ulekan Talenan Kayu Inovasi Baru UNGU', '', 'ASCB-01PR', '', NULL, NULL, NULL, NULL, 1),
	(60, 'ASCB-02', 'Wooden Chopping Board 02 - Asta', '', 'ASCB-02', '', NULL, NULL, NULL, NULL, 1),
	(61, 'ASCM-11', 'Corong Stainless 11 cm - Asta', '', 'ASCM-11', '', NULL, NULL, NULL, NULL, 1),
	(62, 'ASCM-15', 'Corong Stainless 15 cm - Asta', '', 'ASCM-15', '', NULL, NULL, NULL, NULL, 1),
	(63, 'ASCR-01', 'Panggangan & Tirisan Minyak Crisper Square', '', 'ASCR-01', '', NULL, NULL, NULL, NULL, 1),
	(64, 'ASCR-02', 'Panggangan & Tirisan Minyak Crisper Round', '', 'ASCR-02', '', NULL, NULL, NULL, NULL, 1),
	(65, 'ASCR-03', 'Panggangan & Tirisan Minyak Crisper Black Noir', '', 'ASCR-03', '', NULL, NULL, NULL, NULL, 1),
	(66, 'ASCS-03', 'Sendok Stainless Satuan - Asta', '', 'ASCS-03', '', NULL, NULL, NULL, NULL, 1),
	(67, 'ASCS-0304', 'Sendok Stainless isi 4 - Asta', '', 'ASCS-0304', '', NULL, NULL, NULL, NULL, 1),
	(68, 'ASCS-04', 'Garpu Stainless Satuan - Asta', '', 'ASCS-04', '', NULL, NULL, NULL, NULL, 1),
	(69, 'ASCS-0404', 'Garpu Stainless isi 4 - Asta', '', 'ASCS-0404', '', NULL, NULL, NULL, NULL, 1),
	(70, 'ASCW-01', 'Wajan Penggorengan Stainless Steel Chef Wok 32 Cm', '', 'ASCW-01', '', NULL, NULL, NULL, NULL, 1),
	(71, 'ASCW-02', 'Wajan Penggorengan Stainless Steel Chef Wok 36 Cm', '', 'ASCW-02', '', NULL, NULL, NULL, NULL, 1),
	(72, 'ASCW-03', 'Wajan Penggorengan Stainless Steel Chef Wok 40 Cm', '', 'ASCW-03', '', NULL, NULL, NULL, NULL, 1),
	(73, 'ASCW-30', 'Wajan Penggorengan Stainless Steel Chef Wok 30 cm', '', 'ASCW-30', '', NULL, NULL, NULL, NULL, 1),
	(74, 'ASFB-00SET', 'Fresh Box Seal Set (700,1000,1500,1900)', '', 'ASFB-00SET', '', NULL, NULL, NULL, NULL, 1),
	(75, 'ASFB-01', 'Kotak Penyimpanan Food Container 304 Food Grade Stainless Steel 350 ml', '', 'ASFB-01', '', NULL, NULL, NULL, NULL, 1),
	(76, 'ASFB-02', 'Kotak Penyimpanan Food Container 304 Food Grade Stainless Steel 550 ml', '', 'ASFB-02', '', NULL, NULL, NULL, NULL, 1),
	(77, 'ASFB-03', 'Kotak Penyimpanan Food Container 304 Food Grade Stainless Steel 850 ml', '', 'ASFB-03', '', NULL, NULL, NULL, NULL, 1),
	(78, 'ASFB-04', 'Kotak Penyimpanan Food Container 304 Stainless Steel + Tombol Kedap 700 ml', '', 'ASFB-04', '', NULL, NULL, NULL, NULL, 1),
	(79, 'ASFB-05', 'Kotak Penyimpanan Food Container 304 Stainless Steel + Tombol Kedap 1000 ml', '', 'ASFB-05', '', NULL, NULL, NULL, NULL, 1),
	(80, 'ASFB-06', 'Kotak Penyimpanan Food Container 304 Stainless Steel + Tombol Kedap 1500 ml', '', 'ASFB-06', '', NULL, NULL, NULL, NULL, 1),
	(81, 'ASFB-07', 'Kotak Penyimpanan Food Container 304 Stainless Steel + Tombol Kedap 1900 ml', '', 'ASFB-07', '', NULL, NULL, NULL, NULL, 1),
	(82, 'ASFB-08', 'Asta Homeware Official - Asta Wadah Makanan Stainless Steel Plus Capit 3 in 1 Jenis', '', 'ASFB-08', '', NULL, NULL, 'Superadmin', '2025-04-30 13:53:21', 1),
	(83, 'ASFC-01', 'Rantang Stainless Steel Tunggal 14 cm Rantang Bakso Soto', '', 'ASFC-01', '', NULL, NULL, NULL, NULL, 1),
	(84, 'ASFC-02', 'Rantang Stainless Steel Tunggal 16cm Rantang Bakso Soto', '', 'ASFC-02', '', NULL, NULL, NULL, NULL, 1),
	(85, 'ASFF-01GF', 'Food Warmer Square dengan Prasmanan  Wadah Prasmanan', '', 'ASFF-01GF', '', NULL, NULL, NULL, NULL, 1),
	(86, 'ASFF-03RF', 'Food Warmer Round dengan Pemasnan', '', 'ASFF-03RF', '', NULL, NULL, NULL, NULL, 1),
	(87, 'ASFF-04RF', 'Food Warmer Round dengan Pemanas dan Frame', '', 'ASFF-04RF', '', NULL, NULL, NULL, NULL, 1),
	(88, 'ASFF-05R', 'Food Warmer Penghangat Makanan Bulat - Asta', '', 'ASFF-05R', '', NULL, NULL, NULL, NULL, 1),
	(89, 'ASFF-05S', 'Food Warmer Penghangat Makanan Persegi - Asta', '', 'ASFF-05S', '', NULL, NULL, NULL, NULL, 1),
	(90, 'ASFM-02BG', 'Cutlery Set Beige Wheatstraw', '', 'ASFM-02BG', '', NULL, NULL, NULL, NULL, 1),
	(91, 'ASFM-02BL', 'Cutlery Set Blue Wheatstraw', '', 'ASFM-02BL', '', NULL, NULL, NULL, NULL, 1),
	(92, 'ASFM-02GR', 'Cutlery Set Green Wheatstraw', '', 'ASFM-02GR', '', NULL, NULL, NULL, NULL, 1),
	(93, 'ASFM-02PK', 'Cutlery Set Pink Wheatstraw', '', 'ASFM-02PK', '', NULL, NULL, NULL, NULL, 1),
	(94, 'ASFMD-01KS', 'Keset Kaki / Floor Mat Diatomite 3D Kotak 40x60 Motif 01', '', 'ASFMD-01KS', '', NULL, NULL, NULL, NULL, 1),
	(95, 'ASFMD-01VS', 'Keset Kaki / Floor Mat Diatomite 3D Oval 40x60 Motif 01', '', 'ASFMD-01VS', '', NULL, NULL, NULL, NULL, 1),
	(96, 'ASFMD-02KS', 'Keset Kaki / Floor Mat Diatomite 3D Kotak 40x60 Motif 02', '', 'ASFMD-02KS', '', NULL, NULL, NULL, NULL, 1),
	(97, 'ASFMD-02VS', 'Keset Kaki / Floor Mat Diatomite 3D Oval 40x60 Motif 02', '', 'ASFMD-02VS', '', NULL, NULL, NULL, NULL, 1),
	(98, 'ASFMD-03KB', 'Keset Kaki / Floor Mat Diatomite 3D Oval 50x80 Motif 03', '', 'ASFMD-03KB', '', NULL, NULL, NULL, NULL, 1),
	(99, 'ASFMD-03KS', 'Keset Kaki / Floor Mat Diatomite 3D Oval 40x60 Motif 03', '', 'ASFMD-03KS', '', NULL, NULL, NULL, NULL, 1),
	(100, 'ASFMD-04KB', 'Keset Kaki / Floor Mat Diatomite 3D Kotak 50x80 Motif 04', '', 'ASFMD-04KB', '', NULL, NULL, NULL, NULL, 1),
	(101, 'ASFMD-04KS', 'Keset Kaki / Floor Mat Diatomite 3D Kotak 40x60 Motif 04', '', 'ASFMD-04KS', '', NULL, NULL, NULL, NULL, 1),
	(102, 'ASFMD-05KB', 'Keset Kaki / Floor Mat Diatomite 3D Kotak 50x80 Motif 05', '', 'ASFMD-05KB', '', NULL, NULL, NULL, NULL, 1),
	(103, 'ASFMD-05KS', 'Keset Kaki / Floor Mat Diatomite 3D Kotak 40x60 Motif 05', '', 'ASFMD-05KS', '', NULL, NULL, NULL, NULL, 1),
	(104, 'ASFMD-06VB', 'Keset Kaki / Floor Mat Diatomite 3D Oval 50x80Motif 06', '', 'ASFMD-06VB', '', NULL, NULL, NULL, NULL, 1),
	(105, 'ASFMD-06VS', 'Keset Kaki / Floor Mat Diatomite 3D Oval 40x60 Motif 06', '', 'ASFMD-06VS', '', NULL, NULL, NULL, NULL, 1),
	(106, 'ASFMD-07VB', 'Keset Kaki / Floor Mat Diatomite 3D Oval 50x80 Motif 07', '', 'ASFMD-07VB', '', NULL, NULL, NULL, NULL, 1),
	(107, 'ASFMD-07VS', 'Keset Kaki / Floor Mat Diatomite 3D Oval 40x60 Motif 07', '', 'ASFMD-07VS', '', NULL, NULL, NULL, NULL, 1),
	(108, 'ASFMD-08VB', 'Keset Kaki / Floor Mat Diatomite 3D Oval 50x80 Motif 08', '', 'ASFMD-08VB', '', NULL, NULL, NULL, NULL, 1),
	(109, 'ASFMD-08VS', 'Keset Kaki / Floor Mat Diatomite 3D Oval 40x60 Motif 08', '', 'ASFMD-08VS', '', NULL, NULL, NULL, NULL, 1),
	(110, 'ASFMP-09KB', 'Keset Kaki / Floor Mat PVC Kotak 50x80 Motif 09', '', 'ASFMP-09KB', '', NULL, NULL, NULL, NULL, 1),
	(111, 'ASFMP-09KS', 'Keset Kaki / Floor Mat PVC Kotak 40x60 Motif 09', '', 'ASFMP-09KS', '', NULL, NULL, NULL, NULL, 1),
	(112, 'ASFMP-10KB', 'Keset Kaki / Floor Mat PVC Kotak 50x80 Motif 10', '', 'ASFMP-10KB', '', NULL, NULL, NULL, NULL, 1),
	(113, 'ASFMP-10KS', 'Keset Kaki / Floor Mat PVC Kotak 40x60 Motif 10', '', 'ASFMP-10KS', '', NULL, NULL, NULL, NULL, 1),
	(114, 'ASFMP-11KB', 'Keset Kaki / Floor Mat PVC Kotak 50x80 Motif 11', '', 'ASFMP-11KB', '', NULL, NULL, NULL, NULL, 1),
	(115, 'ASFMP-11KS', 'Keset Kaki / Floor Mat PVC Kotak 40x60 Motif 11', '', 'ASFMP-11KS', '', NULL, NULL, NULL, NULL, 1),
	(116, 'ASFMP-12KB', 'Keset Kaki / Floor Mat PVC Kotak 50x80 Motif 12', '', 'ASFMP-12KB', '', NULL, NULL, NULL, NULL, 1),
	(117, 'ASFMP-12KS', 'Keset Kaki / Floor Mat PVC Kotak 40x60 Motif 12', '', 'ASFMP-12KS', '', NULL, NULL, NULL, NULL, 1),
	(118, 'ASFMP-13KS', 'Keset Kaki / Floor Mat PVC Kotak 40x60 Motif 13', '', 'ASFMP-13KS', '', NULL, NULL, NULL, NULL, 1),
	(119, 'ASFMP-14KS', 'Keset Kaki / Floor Mat PVC Kotak 40x60 Motif 14', '', 'ASFMP-14KS', '', NULL, NULL, NULL, NULL, 1),
	(120, 'ASFMP-15KS', 'Keset Kaki / Floor Mat PVC Kotak 40x60 Motif 15', '', 'ASFMP-15KS', '', NULL, NULL, NULL, NULL, 1),
	(121, 'ASFMP-16KS', 'Keset Kaki / Floor Mat PVC Kotak 40x60 Motif 16', '', 'ASFMP-16KS', '', NULL, NULL, NULL, NULL, 1),
	(122, 'ASFMR-17KS', 'Keset Kaki / Floor Mat Polyester Rubber Kotak 40x60 Motif 17', '', 'ASFMR-17KS', '', NULL, NULL, NULL, NULL, 1),
	(123, 'ASFMR-18KS', 'Keset Kaki / Floor Mat Polyester Rubber Kotak 40x60 Motif 18', '', 'ASFMR-18KS', '', NULL, NULL, NULL, NULL, 1),
	(124, 'ASFMR-19KS', 'Keset Kaki / Floor Mat Polyester Rubber Kotak 40x60 Motif 19', '', 'ASFMR-19KS', '', NULL, NULL, NULL, NULL, 1),
	(125, 'ASFO-01', 'Steak Tong - Asta', '', 'ASFO-01', '', NULL, NULL, NULL, NULL, 1),
	(126, 'ASFO-02', 'Food Tong Stainless 23 cm - Asta', '', 'ASFO-02', '', NULL, NULL, NULL, NULL, 1),
	(127, 'ASFO-02A', 'Food Tong Stainless 29 cm - Asta', '', 'ASFO-02A', '', NULL, NULL, NULL, NULL, 1),
	(128, 'ASFO-03', 'Food Tong 18 cm Kecil - Asta', '', 'ASFO-03', '', NULL, NULL, NULL, NULL, 1),
	(129, 'ASFO-04', 'Food Tong Teppan Stainless 26 cm - Asta', '', 'ASFO-04', '', NULL, NULL, NULL, NULL, 1),
	(130, 'ASFO-05', 'Food Tong 23 cm - Asta', '', 'ASFO-05', '', NULL, NULL, NULL, NULL, 1),
	(131, 'ASFO-06', 'Food Tong Silicone 23 cm - Asta', '', 'ASFO-06', '', NULL, NULL, NULL, NULL, 1),
	(132, 'ASFO-06A', 'Food Tong Silicone 30 cm - Asta', '', 'ASFO-06A', '', NULL, NULL, NULL, NULL, 1),
	(133, 'ASGD-612BK', 'Glass Dispenser / Dispenser Kaca 1,2 Ltr', '', 'ASGD-612BK', '', NULL, NULL, NULL, NULL, 1),
	(134, 'ASGD-612BL', 'Glass Dispenser / Dispenser Kaca 1,2 Ltr', '', 'ASGD-612BL', '', NULL, NULL, NULL, NULL, 1),
	(135, 'ASGD-612GR', 'Glass Dispenser / Dispenser Kaca 1,2 Ltr', '', 'ASGD-612GR', '', NULL, NULL, NULL, NULL, 1),
	(136, 'ASGD-612GY', 'Glass Dispenser / Dispenser Kaca 1,2 Ltr', '', 'ASGD-612GY', '', NULL, NULL, NULL, NULL, 1),
	(137, 'ASGD-612PR', 'Glass Dispenser / Dispenser Kaca 1,2 Ltr', '', 'ASGD-612PR', '', NULL, NULL, NULL, NULL, 1),
	(138, 'ASGD-612RD', 'Glass Dispenser / Dispenser Kaca 1,2 Ltr', '', 'ASGD-612RD', '', NULL, NULL, NULL, NULL, 1),
	(139, 'ASGD-612WH', 'Glass Dispenser / Dispenser Kaca 1,2 Ltr', '', 'ASGD-612WH', '', NULL, NULL, NULL, NULL, 1),
	(140, 'ASGD-612YL', 'Glass Dispenser / Dispenser Kaca 1,2 Ltr', '', 'ASGD-612YL', '', NULL, NULL, NULL, NULL, 1),
	(141, 'ASGD-620BK', 'Glass Dispenser / Dispenser Kaca 2 Ltr', '', 'ASGD-620BK', '', NULL, NULL, NULL, NULL, 1),
	(142, 'ASGD-620BL', 'Glass Dispenser / Dispenser Kaca 2 Ltr', '', 'ASGD-620BL', '', NULL, NULL, NULL, NULL, 1),
	(143, 'ASGD-620GR', 'Glass Dispenser / Dispenser Kaca 2 Ltr', '', 'ASGD-620GR', '', NULL, NULL, NULL, NULL, 1),
	(144, 'ASGD-620GY', 'Glass Dispenser / Dispenser Kaca 2 Ltr', '', 'ASGD-620GY', '', NULL, NULL, NULL, NULL, 1),
	(145, 'ASGD-620PR', 'Glass Dispenser / Dispenser Kaca 2 Ltr', '', 'ASGD-620PR', '', NULL, NULL, NULL, NULL, 1),
	(146, 'ASGD-620RD', 'Glass Dispenser / Dispenser Kaca 2 Ltr', '', 'ASGD-620RD', '', NULL, NULL, NULL, NULL, 1),
	(147, 'ASGD-620WH', 'Glass Dispenser / Dispenser Kaca 2 Ltr', '', 'ASGD-620WH', '', NULL, NULL, NULL, NULL, 1),
	(148, 'ASGD-620YL', 'Glass Dispenser / Dispenser Kaca 2 Ltr', '', 'ASGD-620YL', '', NULL, NULL, NULL, NULL, 1),
	(149, 'ASGD-639BK', 'Glass Dispenser / Dispenser Kaca 3,9 Ltr', '', 'ASGD-639BK', '', NULL, NULL, NULL, NULL, 1),
	(150, 'ASGD-639BL', 'Glass Dispenser / Dispenser Kaca 3,9 Ltr', '', 'ASGD-639BL', '', NULL, NULL, NULL, NULL, 1),
	(151, 'ASGD-639GR', 'Glass Dispenser / Dispenser Kaca 3,9 Ltr', '', 'ASGD-639GR', '', NULL, NULL, NULL, NULL, 1),
	(152, 'ASGD-639GY', 'Glass Dispenser / Dispenser Kaca 3,9 Ltr', '', 'ASGD-639GY', '', NULL, NULL, NULL, NULL, 1),
	(153, 'ASGD-639PR', 'Glass Dispenser / Dispenser Kaca 3,9 Ltr', '', 'ASGD-639PR', '', NULL, NULL, NULL, NULL, 1),
	(154, 'ASGD-639RD', 'Glass Dispenser / Dispenser Kaca 3,9 Ltr', '', 'ASGD-639RD', '', NULL, NULL, NULL, NULL, 1),
	(155, 'ASGD-639WH', 'Glass Dispenser / Dispenser Kaca 3,9 Ltr', '', 'ASGD-639WH', '', NULL, NULL, NULL, NULL, 1),
	(156, 'ASGD-639YL', 'Glass Dispenser / Dispenser Kaca 3,9 Ltr', '', 'ASGD-639YL', '', NULL, NULL, NULL, NULL, 1),
	(157, 'ASIC-01', 'Es Batu Ice Cube Food Grade Quality Kuda Unicorn', '', 'ASIC-01', '', NULL, NULL, NULL, NULL, 1),
	(158, 'ASIC-02', 'Es Batu Ice Cube Food Grade Quality Hati', '', 'ASIC-02', '', NULL, NULL, NULL, NULL, 1),
	(159, 'ASIS-01', 'Sendok Scoop Ice Cream Stainless - Asta', '', 'ASIS-01', '', NULL, NULL, NULL, NULL, 1),
	(160, 'ASJS-01', 'Sutil Kayu Jumbo / Spatula Kayu', '', 'ASJS-01', '', NULL, NULL, NULL, NULL, 1),
	(161, 'ASKK-01', 'Pisau daging 01', '', 'ASKK-01', '', NULL, NULL, NULL, NULL, 1),
	(162, 'ASKK-02', 'Pisau daging 02', '', 'ASKK-02', '', NULL, NULL, NULL, NULL, 1),
	(163, 'ASKK-03', 'Pisau daging 03', '', 'ASKK-03', '', NULL, NULL, NULL, NULL, 1),
	(164, 'ASKP-01', 'Panggangan / Grill Pan / Koki Pan Square 01', '', 'ASKP-01', '', NULL, NULL, NULL, NULL, 1),
	(165, 'ASKP-02', 'Panggangan / Grill Pan / Koki Pan Oishi 02', '', 'ASKP-02', '', NULL, NULL, NULL, NULL, 1),
	(166, 'ASKP-03', 'Panggangan / Grill Pan / Koki Pan Round 03', '', 'ASKP-03', '', NULL, NULL, NULL, NULL, 1),
	(167, 'ASKS-01OR', 'Pisau Set Orange', '', 'ASKS-01OR', '', NULL, NULL, NULL, NULL, 1),
	(168, 'ASKS-01PR', 'Pisau Set Purple', '', 'ASKS-01PR', '', NULL, NULL, NULL, NULL, 1),
	(169, 'ASLB-01-3B', 'Lunch Box 01 3 Compartments Blue - Asta', '', 'ASLB-01-3B', '', NULL, NULL, NULL, NULL, 1),
	(170, 'ASLB-01-3P', 'Lunch Box 01 3 Compartments Pink - Asta', '', 'ASLB-01-3P', '', NULL, NULL, NULL, NULL, 1),
	(171, 'ASLB-01-3R', 'Lunch Box 01 3 Compartments Red - Asta', '', 'ASLB-01-3R', '', NULL, NULL, NULL, NULL, 1),
	(172, 'ASLB-01-3T', 'Lunch Box 01 3 Compartments Turquoise- Asta', '', 'ASLB-01-3T', '', NULL, NULL, NULL, NULL, 1),
	(173, 'ASLB-01-4B', 'Lunch Box 01 4 Compartments Blue - Asta', '', 'ASLB-01-4B', '', NULL, NULL, NULL, NULL, 1),
	(174, 'ASLB-01-4B+ALBG-01', 'Lunch Box 01 4 sekat blue + lunch bag', '', 'ASLB-01-4B+ALBG-01', '', NULL, NULL, NULL, NULL, 1),
	(175, 'ASLB-01-4BK', 'Lunch Box 01 4 Compartments Black - Asta', '', 'ASLB-01-4BK', '', NULL, NULL, NULL, NULL, 1),
	(176, 'ASLB-01-4BK+ALBG-01', 'Lunch Box 01 4 sekat black + lunch bag', '', 'ASLB-01-4BK+ALBG-01', '', NULL, NULL, NULL, NULL, 1),
	(177, 'ASLB-01-4P', 'Lunch Box 01 4 Compartments Pink - Asta', '', 'ASLB-01-4P', '', NULL, NULL, NULL, NULL, 1),
	(178, 'ASLB-01-4P+ALBG-01', 'Lunch Box 01 4 sekat pink + lunch bag', '', 'ASLB-01-4P+ALBG-01', '', NULL, NULL, NULL, NULL, 1),
	(179, 'ASLB-01-4R', 'Lunch Box 01 4 Compartments Red - Asta', '', 'ASLB-01-4R', '', NULL, NULL, NULL, NULL, 1),
	(180, 'ASLB-01-4R+ALBG-01', 'Lunch Box 01 4 sekat red + lunch bag', '', 'ASLB-01-4R+ALBG-01', '', NULL, NULL, NULL, NULL, 1),
	(181, 'ASLB-01-4T', 'Lunch Box 01 4 Compartments Turquoise - Asta', '', 'ASLB-01-4T', '', NULL, NULL, NULL, NULL, 1),
	(182, 'ASLB-01-4T+ALBG-01', 'Lunch Box 01 4 sekat turkis  + lunch bag', '', 'ASLB-01-4T+ALBG-01', '', NULL, NULL, NULL, NULL, 1),
	(183, 'ASLB-02-BL', 'Kotak Makan Stainless Steel Lunch Box Dengan Tempat Sup BIRU', '', 'ASLB-02-BL', '', NULL, NULL, NULL, NULL, 1),
	(184, 'ASLB-02-GR', 'Kotak Makan Stainless Steel Lunch Box Dengan Tempat Sup HIJAU', '', 'ASLB-02-GR', '', NULL, NULL, NULL, NULL, 1),
	(185, 'ASLB-02-PK', 'Kotak Makan Stainless Steel Lunch Box Dengan Tempat Sup PINK', '', 'ASLB-02-PK', '', NULL, NULL, NULL, NULL, 1),
	(186, 'ASLB-03-BL', 'Kotak Makan Stainless Steel Kotak Bekal Anti Tumpah BIRU', '', 'ASLB-03-BL', '', NULL, NULL, NULL, NULL, 1),
	(187, 'ASLB-03-GR', 'Kotak Makan Stainless Steel Kotak Bekal Anti Tumpah GREEN', '', 'ASLB-03-GR', '', NULL, NULL, NULL, NULL, 1),
	(188, 'ASLB-03-PK', 'Kotak Makan Stainless Steel Kotak Bekal Anti Tumpah PINK', '', 'ASLB-03-PK', '', NULL, NULL, NULL, NULL, 1),
	(189, 'ASLB-04BROWN', 'Kotak Makan Stainless Steel Lunch Box 1 layer 2 sekat BROWN', '', 'ASLB-04BROWN', '', NULL, NULL, NULL, NULL, 1),
	(190, 'ASLB-04CREAM', 'Kotak Makan Stainless Steel Lunch Box 1 layer 2 sekat CREAM', '', 'ASLB-04CREAM', '', NULL, NULL, NULL, NULL, 1),
	(191, 'ASLB-05BROWN', 'Kotak Makan Stainless Steel Lunch Box 2 layer 2 sekat BROWN', '', 'ASLB-05BROWN', '', NULL, NULL, NULL, NULL, 1),
	(192, 'ASLB-05CREAM', 'Kotak Makan Stainless Steel Lunch Box 2 layer 2 sekat CREAM', '', 'ASLB-05CREAM', '', NULL, NULL, NULL, NULL, 1),
	(193, 'ASLL-01', 'Gayung Stainless Panjang 12 cm - Asta', '', 'ASLL-01', '', NULL, NULL, NULL, NULL, 1),
	(194, 'ASLL-02', 'Gayung Stainless Panjang 14cm - Asta', '', 'ASLL-02', '', NULL, NULL, NULL, NULL, 1),
	(195, 'ASLL-03', 'Gayung Stainless Panjang 18 cm - Asta', '', 'ASLL-03', '', NULL, NULL, NULL, NULL, 1),
	(196, 'ASLP-01', 'akan Anak Stainless Steel Kids Food', '', 'ASLP-01', '', NULL, NULL, NULL, NULL, 1),
	(197, 'ASLP-02', 'akan Anak Stainless Steel Kids Food', '', 'ASLP-02', '', NULL, NULL, NULL, NULL, 1),
	(198, 'ASLP-03', 'akan Anak Stainless Steel Kids Food', '', 'ASLP-03', '', NULL, NULL, NULL, NULL, 1),
	(199, 'ASLP-04P', 'tainless Steel Dengan Tutup Plastik', '', 'ASLP-04P', '', NULL, NULL, NULL, NULL, 1),
	(200, 'ASLP-04S', 'inless Steel Dengan Tutup Stainless', '', 'ASLP-04S', '', NULL, NULL, NULL, NULL, 1),
	(201, 'ASLP-05P', 'tainless Steel Dengan Tutup Plastik', '', 'ASLP-05P', '', NULL, NULL, NULL, NULL, 1),
	(202, 'ASLP-05S', 'less Steel Dengan Tutup Stainless S', '', 'ASLP-05S', '', NULL, NULL, NULL, NULL, 1),
	(203, 'ASLP-06', 'n Anak Stainless Steel Kids Food Tr', '', 'ASLP-06', '', NULL, NULL, NULL, NULL, 1),
	(204, 'ASMB-18', 'Baskom Mangkok Stainless Steel Mixing Bowl Tebal Food Grade 18 cm', '', 'ASMB-18', '', NULL, NULL, NULL, NULL, 1),
	(205, 'ASMB-18-24cm', 'Baskom Set 18-24 cm', '', 'ASMB-18-24cm', '', NULL, NULL, NULL, NULL, 1),
	(206, 'ASMB-20', 'Baskom Mangkok Stainless Steel Mixing Bowl Tebal Food Grade 20 cm', '', 'ASMB-20', '', NULL, NULL, NULL, NULL, 1),
	(207, 'ASMB-22', 'Baskom Mangkok Stainless Steel Mixing Bowl Tebal Food Grade 22 cm', '', 'ASMB-22', '', NULL, NULL, NULL, NULL, 1),
	(208, 'ASMB-24', 'Baskom Mangkok Stainless Steel Mixing Bowl Tebal Food Grade 24 cm', '', 'ASMB-24', '', NULL, NULL, NULL, NULL, 1),
	(209, 'ASMB-28', 'Baskom Mangkok Stainless Steel Mixing Bowl Tebal Food Grade 28 cm', '', 'ASMB-28', '', NULL, NULL, NULL, NULL, 1),
	(210, 'ASMB-30', 'Baskom Mangkok Stainless Steel Mixing Bowl Tebal Food Grade 30 cm', '', 'ASMB-30', '', NULL, NULL, NULL, NULL, 1),
	(211, 'ASMB-30-40cm', 'Baskom Set 30-40', '', 'ASMB-30-40cm', '', NULL, NULL, NULL, NULL, 1),
	(212, 'ASMB-34', 'Baskom Mangkok Stainless Steel Mixing Bowl Tebal Food Grade 34 cm', '', 'ASMB-34', '', NULL, NULL, NULL, NULL, 1),
	(213, 'ASMB-36', 'Baskom Mangkok Stainless Steel Mixing Bowl Tebal Food Grade 36 cm', '', 'ASMB-36', '', NULL, NULL, NULL, NULL, 1),
	(214, 'ASMB-40', 'Baskom Mangkok Stainless Steel Mixing Bowl Tebal Food Grade 40 cm', '', 'ASMB-40', '', NULL, NULL, NULL, NULL, 1),
	(215, 'ASMJ-100', 'Milk Jug Stainless 1000 ml - Asta', '', 'ASMJ-100', '', NULL, NULL, NULL, NULL, 1),
	(216, 'ASMJ-35', 'Milk Jug Stainless 350 ml - Asta', '', 'ASMJ-35', '', NULL, NULL, NULL, NULL, 1),
	(217, 'ASMJ-60', 'Milk Jug Stainless 600 ml - Asta', '', 'ASMJ-60', '', NULL, NULL, NULL, NULL, 1),
	(218, 'ASMM-12', 'Saringan Mie Stainless 12 cm - Asta', '', 'ASMM-12', '', NULL, NULL, NULL, NULL, 1),
	(219, 'ASMM-14', 'Saringan Mie Stainless 14 cm - Asta', '', 'ASMM-14', '', NULL, NULL, NULL, NULL, 1),
	(220, 'ASMM-18', 'Saringan Mie Stainless 18 cm - Asta', '', 'ASMM-18', '', NULL, NULL, NULL, NULL, 1),
	(221, 'ASMP-01', 'Mini Pots / Mini Stock Pots Panci Sop', '', 'ASMP-01', '', NULL, NULL, NULL, NULL, 1),
	(222, 'ASMU-01', 'Gilingan Serbaguna Multiuse Mincer', '', 'ASMU-01', '', NULL, NULL, NULL, NULL, 1),
	(223, 'ASNP-01', 'Noodle Pot Panci Susu / Panci Rebus / Milk Pot 18 cm', '', 'ASNP-01', '', NULL, NULL, NULL, NULL, 1),
	(224, 'ASNP-02', 'Noodle pot Panci Susu / Panci Rebus / Milk Pot 20 cm', '', 'ASNP-02', '', NULL, NULL, NULL, NULL, 1),
	(225, 'ASOC-01', 'Pelindung Percikan Minyak Oil Spatter 01', '', 'ASOC-01', '', NULL, NULL, NULL, NULL, 1),
	(226, 'ASOC-02', 'Pelindung Percikan Minyak Oil Spatter 02', '', 'ASOC-02', '', NULL, NULL, NULL, NULL, 1),
	(227, 'ASOC-03', 'Pelindung Percikan Minyak Oil Spatter 03', '', 'ASOC-03', '', NULL, NULL, NULL, NULL, 1),
	(228, 'ASOC-04', 'Pelindung Percikan Minyak Oil Spatter 04', '', 'ASOC-04', '', NULL, NULL, NULL, NULL, 1),
	(229, 'ASOW-01', 'Wajan Penggorengan Stainless Steel Oriental Wok 32 Cm', '', 'ASOW-01', '', NULL, NULL, NULL, NULL, 1),
	(230, 'ASOW-01ASSA-03B', 'oriental wok 32 + ASSA 03 B', '', 'ASOW-01ASSA-03B', '', NULL, NULL, NULL, NULL, 1),
	(231, 'ASOW-02', 'Wajan Penggorengan Stainless Steel Oriental Wok 36 Cm', '', 'ASOW-02', '', NULL, NULL, NULL, NULL, 1),
	(232, 'ASOW-02ASSA-03B', 'oriental wok 36 + ASSA 03 B', '', 'ASOW-02ASSA-03B', '', NULL, NULL, NULL, NULL, 1),
	(233, 'ASOW-03', 'Wajan Penggorengan Stainless Steel Oriental Wok 40 Cm', '', 'ASOW-03', '', NULL, NULL, NULL, NULL, 1),
	(234, 'ASOW-03ASSA-03B', 'oriental wok 40 + ASSA 03 B', '', 'ASOW-03ASSA-03B', '', NULL, NULL, NULL, NULL, 1),
	(235, 'ASOW-05', 'Wajan Penggorengan Stainless Steel Oriental Wok 50 Cm', '', 'ASOW-05', '', NULL, NULL, NULL, NULL, 1),
	(236, 'ASOW-05ASSA-03B', 'oriental wok 50 + ASSA 03 B', '', 'ASOW-05ASSA-03B', '', NULL, NULL, NULL, NULL, 1),
	(237, 'ASOW-06', 'Wajan Penggorengan Stainless Steel Oriental Wok 60 Cm', '', 'ASOW-06', '', NULL, NULL, NULL, NULL, 1),
	(238, 'ASOW-06ASSA-03B', 'oriental wok 60 + ASSA 03 B', '', 'ASOW-06ASSA-03B', '', NULL, NULL, NULL, NULL, 1),
	(239, 'ASOW-26', 'ggorengan Stainless Steel Oriental', '', 'ASOW-26', '', NULL, NULL, NULL, NULL, 1),
	(240, 'ASOW-28', 'Wajan Penggorengan Stainless Steel Oriental Wok 28 cm', '', 'ASOW-28', '', NULL, NULL, NULL, NULL, 1),
	(241, 'ASOW-28ASSA-03B', 'oriental wok 28 + ASSA 03 B', '', 'ASOW-28ASSA-03B', '', NULL, NULL, NULL, NULL, 1),
	(242, 'ASOW-30', 'Wajan Penggorengan Stainless Steel Oriental Wok 30 cm', '', 'ASOW-30', '', NULL, NULL, NULL, NULL, 1),
	(243, 'ASOW-30ASSA-03B', 'oriental wok 30 + ASSA 03 B', '', 'ASOW-30ASSA-03B', '', NULL, NULL, NULL, NULL, 1),
	(244, 'ASPM-115AM', 'Gilingan Mie / Pasta Maker Ampia', '', 'ASPM-115AM', '', NULL, NULL, NULL, NULL, 1),
	(245, 'ASPM-115RD', 'Gilingan Mie / Pasta Maker Red', '', 'ASPM-115RD', '', NULL, NULL, NULL, NULL, 1),
	(246, 'ASPM-115SS', 'Gilingan Mie / Pasta Maker Stainless', '', 'ASPM-115SS', '', NULL, NULL, NULL, NULL, 1),
	(247, 'ASPM-150', 'Gilingan Mie / Pasta Maker Jumbo', '', 'ASPM-150', '', NULL, NULL, NULL, NULL, 1),
	(248, 'ASPS-01', 'Panci Set Marbello Panci Set Lengkap Anti Lengket', '', 'ASPS-01', '', NULL, NULL, NULL, NULL, 1),
	(249, 'ASPS01CARD', 'Marbello Cookware Set + CARD - Asta', '', 'ASPS01CARD', '', NULL, NULL, NULL, NULL, 1),
	(250, 'ASPS-01B', 'Marbello Cookware Set Beige - Asta', '', 'ASPS-01B', '', NULL, NULL, NULL, NULL, 1),
	(251, 'ASPS01BCARD', 'Marbello Cookware Set Beige + CARD - Asta', '', 'ASPS01BCARD', '', NULL, NULL, NULL, NULL, 1),
	(252, 'ASPS-02', 'Panci Set Lemona Panci Set Lengkap Anti Lengket', '', 'ASPS-02', '', NULL, NULL, NULL, NULL, 1),
	(253, 'ASPS02CARD', 'Lemona Cookware Set + CARD - Asta', '', 'ASPS02CARD', '', NULL, NULL, NULL, NULL, 1),
	(254, 'ASPS-05', 'Panci Set Tokyo', '', 'ASPS-05', '', NULL, NULL, NULL, NULL, 1),
	(255, 'ASPS-05CARD', '7 pcs Tokyo Stainless Steel Cookware Set + CARD - Asta', '', 'ASPS-05CARD', '', NULL, NULL, NULL, NULL, 1),
	(256, 'ASPS-07PK', 'Panci Set Valentina Panci Set Lengkap Anti Lengket PINK', '', 'ASPS-07PK', '', NULL, NULL, NULL, NULL, 1),
	(257, 'ASPS07PKCARD', 'Valentina 3 pcs Cookware Set Pink + CARD - Asta', '', 'ASPS07PKCARD', '', NULL, NULL, NULL, NULL, 1),
	(258, 'ASPS-07PR', 'Panci Set Valentina Panci Set Lengkap Anti Lengket Purple', '', 'ASPS-07PR', '', NULL, NULL, NULL, NULL, 1),
	(259, 'ASPS07PRCARD', 'Valentina 3 pcs Cookware Set Purple + CARD - Asta', '', 'ASPS07PRCARD', '', NULL, NULL, NULL, NULL, 1),
	(260, 'ASPS-08', 'Panci Set Cappucino Panci Set Lengkap Anti Lengket', '', 'ASPS-08', '', NULL, NULL, NULL, NULL, 1),
	(261, 'ASPS-09', 'Panci Set New Kiwiz Panci Set Lengkap Anti Lengket', '', 'ASPS-09', '', NULL, NULL, NULL, NULL, 1),
	(262, 'ASPS09CARD', 'New Kiwiz 7 Pieces Cookware Set+ CARD - Asta', '', 'ASPS09CARD', '', NULL, NULL, NULL, NULL, 1),
	(263, 'ASPS-10', 'Panci Set Marbello Rosie Panci Set Lengkap Anti Lengket', '', 'ASPS-10', '', NULL, NULL, NULL, NULL, 1),
	(264, 'ASPS10CARD', 'Marbello Rosie 4 pcs Cookware Set+ CARD - Asta', '', 'ASPS10CARD', '', NULL, NULL, NULL, NULL, 1),
	(265, 'ASPS-11', 'Panci Set Marbello Fiesta Panci Set Lengkap Anti Lengket', '', 'ASPS-11', '', NULL, NULL, NULL, NULL, 1),
	(266, 'ASPS-12', 'Panci Set Valentina Milan Panci Set Lengkap Anti Lengket', '', 'ASPS-12', '', NULL, NULL, NULL, NULL, 1),
	(267, 'ASPS12CARD', 'Valentina Milan 7 pcs Cookware Set+ CARD  - Asta', '', 'ASPS12CARD', '', NULL, NULL, NULL, NULL, 1),
	(268, 'ASPS-15', 'Panci Set Lemona 100 Panci Set Lengkap Anti Lengket', '', 'ASPS-15', '', NULL, NULL, NULL, NULL, 1),
	(269, 'ASPS15CARD', 'Lemona 100 5 pcs Cookware Set+CARD - Asta', '', 'ASPS15CARD', '', NULL, NULL, NULL, NULL, 1),
	(270, 'ASPS-16', 'Panci Set Tempura Panci Set Lengkap Anti Lengket', '', 'ASPS-16', '', NULL, NULL, NULL, NULL, 1),
	(271, 'ASPU-01', 'Spons Mandi / Shower Puff', '', 'ASPU-01', '', NULL, NULL, NULL, NULL, 1),
	(272, 'ASRB-01', 'Rak Kayu / Rak Bumbu Dapur Dari Kayu', '', 'ASRB-01', '', NULL, NULL, NULL, NULL, 1),
	(273, 'ASSA-01A', 'Spatula Sutil sodet StainlessSteel Motif Marble', '', 'ASSA-01A', '', NULL, NULL, NULL, NULL, 1),
	(274, 'ASSA-01B', 'Spatula Sutil sodet kipas Stainless Steel Motif Marble', '', 'ASSA-01B', '', NULL, NULL, NULL, NULL, 1),
	(275, 'ASSA-01C', 'Sendok irus soup ladle Stainless Steel Motif Marble', '', 'ASSA-01C', '', NULL, NULL, NULL, NULL, 1),
	(276, 'ASSA-01D', 'Sendok Irus Skimmer Stainless Steel Motif Marble', '', 'ASSA-01D', '', NULL, NULL, NULL, NULL, 1),
	(277, 'ASSA-02A', 'Spatula Sutil sodet Stainless Steel Motif Hitam', '', 'ASSA-02A', '', NULL, NULL, NULL, NULL, 1),
	(278, 'ASSA-02B', 'Spatula Sutil sodet kipas Stainless Steel Motif Hitam', '', 'ASSA-02B', '', NULL, NULL, NULL, NULL, 1),
	(279, 'ASSA-02C', 'Sendok irus soup ladle Stainless Steel Motif Hitam', '', 'ASSA-02C', '', NULL, NULL, NULL, NULL, 1),
	(280, 'ASSA-02D', 'Sendok Irus Skimmer Stainless Steel Motif Hitam', '', 'ASSA-02D', '', NULL, NULL, NULL, NULL, 1),
	(281, 'ASSA-03A', 'Spatula Sutil sodet Stainless Steel Motif Coklat', '', 'ASSA-03A', '', NULL, NULL, NULL, NULL, 1),
	(282, 'ASSA-03B', 'Spatula Sutil sodet kipas Stainless Steel Motif Coklat', '', 'ASSA-03B', '', NULL, NULL, NULL, NULL, 1),
	(283, 'ASSA-03C', 'Sendok irus soup ladle Stainless Steel Motif Coklat', '', 'ASSA-03C', '', NULL, NULL, NULL, NULL, 1),
	(284, 'ASSA-03D', 'Sendok Irus Skimmer Stainless Steel Motif Coklat', '', 'ASSA-03D', '', NULL, NULL, NULL, NULL, 1),
	(285, 'ASSA-04A', 'Solid Turner Wooden Handle - Asta', '', 'ASSA-04A', '', NULL, NULL, NULL, NULL, 1),
	(286, 'ASSA-04C', 'Soup Laddle Wooden Handle - Asta', '', 'ASSA-04C', '', NULL, NULL, NULL, NULL, 1),
	(287, 'ASSA-05L', 'Teppan Spatula Lebar L - Asta', '', 'ASSA-05L', '', NULL, NULL, NULL, NULL, 1),
	(288, 'ASSA-05M', 'Teppan Spatula Lebar M - Asta', '', 'ASSA-05M', '', NULL, NULL, NULL, NULL, 1),
	(289, 'ASSA-06L', 'Teppan Spatula Panjang L - Asta', '', 'ASSA-06L', '', NULL, NULL, NULL, NULL, 1),
	(290, 'ASSA-06M', 'Teppan Spatula Panjang M - Asta', '', 'ASSA-06M', '', NULL, NULL, NULL, NULL, 1),
	(291, 'ASSA-07', 'Cake Scrapper - Asta', '', 'ASSA-07', '', NULL, NULL, NULL, NULL, 1),
	(292, 'ASSB-06BL', 'Toples Snack Cantik La Bella Toples Plastik Tebal BLUE', '', 'ASSB-06BL', '', NULL, NULL, NULL, NULL, 1),
	(293, 'ASSB-06PK', 'Toples Snack Cantik La Bella Toples Plastik Tebal PINK', '', 'ASSB-06PK', '', NULL, NULL, NULL, NULL, 1),
	(294, 'ASSC-14', 'Saos Stainless Steel Sauce Contain', '', 'ASSC-14', '', NULL, NULL, NULL, NULL, 1),
	(295, 'ASSC-16', 'Saos Stainless Steel Sauce Contain', '', 'ASSC-16', '', NULL, NULL, NULL, NULL, 1),
	(296, 'ASSC-18', 'Saos Stainless Steel Sauce Contain', '', 'ASSC-18', '', NULL, NULL, NULL, NULL, 1),
	(297, 'ASSL-01BL', 'Silicone Soup Ladle - Blue - Asta', '', 'ASSL-01BL', '', NULL, NULL, NULL, NULL, 1),
	(298, 'ASSL-01PK', 'Silicone Soup Ladle - Pink - Asta', '', 'ASSL-01PK', '', NULL, NULL, NULL, NULL, 1),
	(299, 'ASSP-01', 'Stock Pot Steamer 01 Panci Sop Besar', '', 'ASSP-01', '', NULL, NULL, NULL, NULL, 1),
	(300, 'ASSP-02', 'Stock Pot 02', '', 'ASSP-02', '', NULL, NULL, NULL, NULL, 1),
	(301, 'ASSP-03', 'Stock Pot European Style 03 Panci Sop Besar', '', 'ASSP-03', '', NULL, NULL, NULL, NULL, 1),
	(302, 'ASSP-04', 'Steamer Pot 2 Susun - Asta', '', 'ASSP-04', '', NULL, NULL, NULL, NULL, 1),
	(303, 'ASSR-304', 'Kukusan Steamer Stainless Steel 304', '', 'ASSR-304', '', NULL, NULL, NULL, NULL, 1),
	(304, 'ASSS-01BL', 'Spatula Silicone Set BLUE', '', 'ASSS-01BL', '', NULL, NULL, NULL, NULL, 1),
	(305, 'ASSS-01PK', 'Spatula Silicone Set PINK', '', 'ASSS-01PK', '', NULL, NULL, NULL, NULL, 1),
	(306, 'ASTS-01BL', 'Silicone Turner Spatula - Blue - Asta', '', 'ASTS-01BL', '', NULL, NULL, NULL, NULL, 1),
	(307, 'ASTS-01PK', 'Silicone Turner Spatula - Pink - Asta', '', 'ASTS-01PK', '', NULL, NULL, NULL, NULL, 1),
	(308, 'ASTW-01', 'Timer Watch - Asta', '', 'ASTW-01', '', NULL, NULL, NULL, NULL, 1),
	(309, 'ASWA-01', 'Spons Cuci Piring Kuning 1 pc', '', 'ASWA-01', '', NULL, NULL, NULL, NULL, 1),
	(310, 'ASWA-016PCS', 'Spons Cuci Piring Kuning 6 pcs', '', 'ASWA-016PCS', '', NULL, NULL, NULL, NULL, 1),
	(311, 'ASWA-02', 'Spons Cuci Piring Abu-Abu', '', 'ASWA-02', '', NULL, NULL, NULL, NULL, 1),
	(312, 'ASWA-026PCS', 'Pisau daging 026PCS', '', 'ASWA-026PCS', '', NULL, NULL, NULL, NULL, 1),
	(313, 'ASWA-036pcs', 'Spons Cuci Stock Pot 6 pcs', '', 'ASWA-036pcs', '', NULL, NULL, NULL, NULL, 1),
	(314, 'ASWK-01', 'Teko / Ketel / Ceret Air Food Grade Valentina Whistling Kettle', '', 'ASWK-01', '', NULL, NULL, NULL, NULL, 1),
	(315, 'ASWK-02BL', 'Teko / Ketel / Ceret Air Food Grade Valentina Whistling Kettle Handle Kayu BIRU', '', 'ASWK-02BL', '', NULL, NULL, NULL, NULL, 1),
	(316, 'ASWK-02PK', 'Teko / Ketel / Ceret Air Food Grade Valentina Whistling Kettle Handle Kayu PINK', '', 'ASWK-02PK', '', NULL, NULL, NULL, NULL, 1),
	(317, 'ASWK-02PR', 'Teko / Ketel / Ceret Air Food Grade Valentina Whistling Kettle Handle KayuUNGU', '', 'ASWK-02PR', '', NULL, NULL, NULL, NULL, 1),
	(318, 'ASWK-03BM', 'Teko / Ketel / Ceret Air Food Grade Valentina Whistling Kettle Marble HandleKayu BLACK', '', 'ASWK-03BM', '', NULL, NULL, NULL, NULL, 1),
	(319, 'ASWK-03BMCARD', 'Whistling Kettle - 03 (3L) - Black Marble + CARD - Asta', '', 'ASWK-03BMCARD', '', NULL, NULL, NULL, NULL, 1),
	(320, 'ASWK-03CM', 'Teko / Ketel / Ceret Air Food Grade Valentina Whistling Kettle Marble HandleKayu CREAM', '', 'ASWK-03CM', '', NULL, NULL, NULL, NULL, 1),
	(321, 'ASWK-03CMCARD', 'Whistling Kettle - 03 (3L) - Beige Marble + CARD - Asta', '', 'ASWK-03CMCARD', '', NULL, NULL, NULL, NULL, 1),
	(322, 'ASWK-04', 'el / Ceret Air Food Grade Full Stain', '', 'ASWK-04', '', NULL, NULL, NULL, NULL, 1),
	(323, 'ASWS-01', 'Sutil Kayu Set Warna Spatula Kayu Set', '', 'ASWS-01', '', NULL, NULL, NULL, NULL, 1),
	(324, 'ASWS-02', 'Sutil Kayu / Spatula Kayu / Turner', '', 'ASWS-02', '', NULL, NULL, NULL, NULL, 1),
	(325, 'ASWS-03', 'Sendok Sop Kayu/ Centong Kayu', '', 'ASWS-03', '', NULL, NULL, NULL, NULL, 1),
	(326, 'ASWS-04', 'Spatula / Sutil Sode Kayu / Spatula kayu', '', 'ASWS-04', '', NULL, NULL, NULL, NULL, 1),
	(327, 'ATCA-01', 'Panci Casserole Premium Tognana Casserole 24 cm', '', 'ATCA-01', '', NULL, NULL, NULL, NULL, 1),
	(328, 'ATCA-01ASSL-01BL', 'Tognana casserole + soup ladle silikon blue', '', 'ATCA-01ASSL-01BL', '', NULL, NULL, NULL, NULL, 1),
	(329, 'ATCA-01ASSL-01PK', 'Tognana casserole + soup ladle silikon pink', '', 'ATCA-01ASSL-01PK', '', NULL, NULL, NULL, NULL, 1),
	(330, 'ATCA-01CARD', 'Tognana Casserole Set Hadiah', '', 'ATCA-01CARD', '', NULL, NULL, NULL, NULL, 1),
	(331, 'ATFP-01', 'Panci Penggorengan Premium Tognana Fry Pan 20 cm', '', 'ATFP-01', '', NULL, NULL, NULL, NULL, 1),
	(332, 'ATFP-01ATFP-02', 'Premium Tognana Fry Pan 20 + 24 cm - Asta', '', 'ATFP-01ATFP-02', '', NULL, NULL, NULL, NULL, 1),
	(333, 'ATFP-02', 'Panci Penggorengan Premium Tognana Fry Pan 24 cm', '', 'ATFP-02', '', NULL, NULL, NULL, NULL, 1),
	(334, 'ATSP-01', 'Panci Susu Milk Pan Premium Tognana Sauce Pan 18 cm', '', 'ATSP-01', '', NULL, NULL, NULL, NULL, 1),
	(335, 'ATST4-Tognana', 'Premium Tognana Set 4 (Fry Pan 20 - Fry Pan 24 - Wok - Casserole)', '', 'ATST4-Tognana', '', NULL, NULL, NULL, NULL, 1),
	(336, 'ATWO-01', 'Panci Wok Premium + Tutup Kaca Tognana Wok 28 cm', '', 'ATWO-01', '', NULL, NULL, NULL, NULL, 1),
	(337, 'ATWO-01ASTS-01BL', 'Tognana wok + soup ladle silikon blue', '', 'ATWO-01ASTS-01BL', '', NULL, NULL, NULL, NULL, 1),
	(338, 'ATWO-01ASTS-01PK', 'Tognana wok + soup ladle silikon pink', '', 'ATWO-01ASTS-01PK', '', NULL, NULL, NULL, NULL, 1),
	(339, 'ATWO-01CARD', 'Tognana Wok Set Hadiah', '', 'ATWO-01CARD', '', NULL, NULL, NULL, NULL, 1),
	(340, 'BB-ASBSLB', 'Bakeware Loyang Bulat - Asta', '', 'BB-ASBSLB', '', NULL, NULL, NULL, NULL, 1),
	(341, 'BB-ASBSLP', 'Bakeware Loyang Persegi - Asta', '', 'BB-ASBSLP', '', NULL, NULL, NULL, NULL, 1),
	(342, 'BB-ASBSMS', 'Bakeware - Measuring Spoon - Asta', '', 'BB-ASBSMS', '', NULL, NULL, NULL, NULL, 1),
	(343, 'BB-ASBSSP', 'Bakeware - Spatula - Asta', '', 'BB-ASBSSP', '', NULL, NULL, NULL, NULL, 1),
	(344, 'BB-ASBUM01CH', 'Refill Spin Mop Bulat', '', 'BB-ASBUM01CH', '', NULL, NULL, NULL, NULL, 1),
	(345, 'BB-ASFM01GL4PCS', 'Gelas Familia 4 pcs (Set) 4 Warna', '', 'BB-ASFM01GL4PCS', '', NULL, NULL, NULL, NULL, 1),
	(346, 'BB-ASFM01GLBG', 'Gelas Beige Wheatstraw', '', 'BB-ASFM01GLBG', '', NULL, NULL, NULL, NULL, 1),
	(347, 'BB-ASFM01GLBL', 'Gelas Blue Wheatstraw', '', 'BB-ASFM01GLBL', '', NULL, NULL, NULL, NULL, 1),
	(348, 'BB-ASFM01GLGR', 'Gelas Green Wheatstraw', '', 'BB-ASFM01GLGR', '', NULL, NULL, NULL, NULL, 1),
	(349, 'BB-ASFM01GLPK', 'Gelas Pink Wheatstraw', '', 'BB-ASFM01GLPK', '', NULL, NULL, NULL, NULL, 1),
	(350, 'BB-ASFM01MK4PCS', 'Mangkok Familia 4 pcs (Set) 4 Warna', '', 'BB-ASFM01MK4PCS', '', NULL, NULL, NULL, NULL, 1),
	(351, 'BB-ASFM01MKBG', 'Mangkok Beige Wheatstraw', '', 'BB-ASFM01MKBG', '', NULL, NULL, NULL, NULL, 1),
	(352, 'BB-ASFM01MKBL', 'Mangkok Blue Wheatstraw', '', 'BB-ASFM01MKBL', '', NULL, NULL, NULL, NULL, 1),
	(353, 'BB-ASFM01MKGR', 'Mangkok Green Wheatstraw', '', 'BB-ASFM01MKGR', '', NULL, NULL, NULL, NULL, 1),
	(354, 'BB-ASFM01MKPK', 'Mangkok Pink Wheatstraw', '', 'BB-ASFM01MKPK', '', NULL, NULL, NULL, NULL, 1),
	(355, 'BB-ASFM01PR4PCS', 'Piring Famlia 4 pcs (Set) 4 Warna', '', 'BB-ASFM01PR4PCS', '', NULL, NULL, NULL, NULL, 1),
	(356, 'BB-ASFM01PRBG', 'Piring Beige Wheatstraw', '', 'BB-ASFM01PRBG', '', NULL, NULL, NULL, NULL, 1),
	(357, 'BB-ASFM01PRBL', 'Piring Blue Wheatstraw', '', 'BB-ASFM01PRBL', '', NULL, NULL, NULL, NULL, 1),
	(358, 'BB-ASFM01PRGR', 'Piring Green Wheatstraw', '', 'BB-ASFM01PRGR', '', NULL, NULL, NULL, NULL, 1),
	(359, 'BB-ASFM01PRPK', 'Piring Pink Wheatstraw', '', 'BB-ASFM01PRPK', '', NULL, NULL, NULL, NULL, 1),
	(360, 'BB-ASPMBM', 'Botol Minyak - Asta', '', 'BB-ASPMBM', '', NULL, NULL, NULL, NULL, 1),
	(361, 'BB-ASPMES', 'Pemisah Telur Plastik / Egg Seperator', '', 'BB-ASPMES', '', NULL, NULL, NULL, NULL, 1),
	(362, 'BB-ASPS02MP17', 'Lemona Milk Pan 17 cm', '', 'BB-ASPS02MP17', '', NULL, NULL, NULL, NULL, 1),
	(363, 'BB-ASPS02SL', 'Soup Ladle Nylon Black', '', 'BB-ASPS02SL', '', NULL, NULL, NULL, NULL, 1),
	(364, 'BB-ASPS02SP23', 'Lemona Soup Pan+ Tutup 23 cm', '', 'BB-ASPS02SP23', '', NULL, NULL, NULL, NULL, 1),
	(365, 'BB-ASPS02ST', 'Spatula Nylon Black', '', 'BB-ASPS02ST', '', NULL, NULL, NULL, NULL, 1),
	(366, 'B-ASPS02WP32', 'Lemona Wok Pan 32 cm', '', 'B-ASPS02WP32', '', NULL, NULL, NULL, NULL, 1),
	(367, 'B-ASPS07WKPK', 'DEFFECT Wok Pan Valentina', '', 'B-ASPS07WKPK', '', NULL, NULL, NULL, NULL, 1),
	(368, 'BB-ASPS09CB', 'Talenan Kiwiz', '', 'BB-ASPS09CB', '', NULL, NULL, NULL, NULL, 1),
	(369, 'BB-ASPS10WS', 'Talenan Rosie', '', 'BB-ASPS10WS', '', NULL, NULL, NULL, NULL, 1),
	(370, 'BB-ASPS12WP', 'Valentina Wok Pan 32 cm', '', 'BB-ASPS12WP', '', NULL, NULL, NULL, NULL, 1),
	(371, 'BB-ASSP01PC23', 'Stock Pot Steamer Set 23 cm', '', 'BB-ASSP01PC23', '', NULL, NULL, NULL, NULL, 1),
	(372, 'BB-ASSP01PC23OF', 'Stock Pot Steamer Set 23 cm defect', '', 'BB-ASSP01PC23OF', '', NULL, NULL, NULL, NULL, 1),
	(373, 'BB-ASSP01PC25', 'Stock Pot Steamer Set 25 cm', '', 'BB-ASSP01PC25', '', NULL, NULL, NULL, NULL, 1),
	(374, 'BB-ASSP01PC25OF', 'Stock Pot Steamer Set 25 cm defect', '', 'BB-ASSP01PC25OF', '', NULL, NULL, NULL, NULL, 1),
	(375, 'BB-ASSP01PC28', 'Stock Pot Steamer Set 28 cm', '', 'BB-ASSP01PC28', '', NULL, NULL, NULL, NULL, 1),
	(376, 'BB-ASSP01PC28OF', 'Stock Pot Steamer Set 28 cm defect', '', 'BB-ASSP01PC28OF', '', NULL, NULL, NULL, NULL, 1),
	(377, 'BB-ASSP01PC30', 'Stock Pot Steamer Set 30 cm', '', 'BB-ASSP01PC30', '', NULL, NULL, NULL, NULL, 1),
	(378, 'BB-ASSP01PC30OF', 'Stock Pot Steamer Set 30 cm defect', '', 'BB-ASSP01PC30OF', '', NULL, NULL, NULL, NULL, 1),
	(379, 'BB-KSK', 'Brush coklat', '', 'BB-KSK', '', NULL, NULL, NULL, NULL, 1),
	(380, 'BB-PMCT', 'Cutter Adonan', '', 'BB-PMCT', '', NULL, NULL, NULL, NULL, 1),
	(381, 'BB-PMKS', 'Brush White', '', 'BB-PMKS', '', NULL, NULL, NULL, NULL, 1),
	(382, 'BB-ROCB01', 'hopping Board Wheat Straw Green', '', 'BB-ROCB01', '', NULL, NULL, NULL, NULL, 1),
	(383, 'DLHAMPERS', 'Delight Hampers', '', 'DLHAMPERS', '', NULL, NULL, NULL, NULL, 1),
	(384, 'EVHAMPERS', 'Eve Hampers', '', 'EVHAMPERS', '', NULL, NULL, NULL, NULL, 1),
	(385, 'FSHAMPERS', 'Festive Hampers', '', 'FSHAMPERS', '', NULL, NULL, NULL, NULL, 1),
	(386, 'FTHAMPERS', 'Bakeware + Pondan GF-PDSP', '', 'FTHAMPERS', '', NULL, NULL, NULL, NULL, 1),
	(387, 'GF-BBBM', 'Bumbu Bamboe - Free Gift', '', 'GF-BBBM', '', NULL, NULL, NULL, NULL, 1),
	(388, 'GF-OREO', 'Oreo - Free Gift', '', 'GF-OREO', '', NULL, NULL, NULL, NULL, 1),
	(389, 'GF-STS', 'Set Stationary', '', 'GF-STS', '', NULL, NULL, NULL, NULL, 1),
	(390, 'GF-TJJP', 'Teh Jawa Tubruk Premium (FREE)', '', 'GF-TJJP', '', NULL, NULL, NULL, NULL, 1),
	(391, 'GF-TT-HORB', 'Tong Tji Harum Original Tea', '', 'GF-TT-HORB', '', NULL, NULL, NULL, NULL, 1),
	(392, 'GF-TT-JPB', 'Tong Tji Jeruk Purut Box', '', 'GF-TT-JPB', '', NULL, NULL, NULL, NULL, 1),
	(393, 'GF-TT-JTB', 'Tong Tji Jasmine tea Box', '', 'GF-TT-JTB', '', NULL, NULL, NULL, NULL, 1),
	(394, 'GF-TT-LMB', 'Tong Tji Lemon Box', '', 'GF-TT-LMB', '', NULL, NULL, NULL, NULL, 1),
	(395, 'GF-TT-ORB', 'Tong Tji Original Tea Box', '', 'GF-TT-ORB', '', NULL, NULL, NULL, NULL, 1),
	(396, 'JYHAMPERS', 'Joyful hampers', '', 'JYHAMPERS', '', NULL, NULL, NULL, NULL, 1),
	(397, 'KR20HAMPERS', 'Tognana Fry Pan 20 cm + ASFO-06', '', 'KR20HAMPERS', '', NULL, NULL, NULL, NULL, 1),
	(398, 'KR24HAMPERS', 'Tognana Fry Pan 24 cm + ASFO-06', '', 'KR24HAMPERS', '', NULL, NULL, NULL, NULL, 1),
	(399, 'LBHAMPERS', 'ASSB-06PK + ASFM-02BG', '', 'LBHAMPERS', '', NULL, NULL, NULL, NULL, 1),
	(400, 'MBHAMPERS', 'ASWK-04 + ROSM- 08 + COOKIES', '', 'MBHAMPERS', '', NULL, NULL, NULL, NULL, 1),
	(401, 'MRHAMPERS', 'Merry Hampers', '', 'MRHAMPERS', '', NULL, NULL, NULL, NULL, 1),
	(402, 'NLHAMPERS', 'Noel Hampers', '', 'NLHAMPERS', '', NULL, NULL, NULL, NULL, 1),
	(403, 'RDP-105A-1', '10,5" Dinner Plate / Piring Ceper lis emas isi 1', '', 'RDP-105A-1', '', NULL, NULL, NULL, NULL, 1),
	(404, 'RDP-105A-6', '10,5" Dinner Plate / Piring Ceper lis emas isi 6', '', 'RDP-105A-6', '', NULL, NULL, NULL, NULL, 1),
	(405, 'RDP-105B-1', '10,5" Dinner Plate / Piring Ceper mahkota isi 1', '', 'RDP-105B-1', '', NULL, NULL, NULL, NULL, 1),
	(406, 'RDP-105B-6', '10,5" Dinner Plate / Piring Ceper mahkota isi 6', '', 'RDP-105B-6', '', NULL, NULL, NULL, NULL, 1),
	(407, 'RDP-105C-1', '10,5" Dinner Plate / Piring Ceper rose red isi 1', '', 'RDP-105C-1', '', NULL, NULL, NULL, NULL, 1),
	(408, 'RDP-105C-6', '10,5" Dinner Plate / Piring Ceper rose red isi 6', '', 'RDP-105C-6', '', NULL, NULL, NULL, NULL, 1),
	(409, 'RMHAMPERS', 'ATCA-01 + ASSL- 01BL + COOKIES', '', 'RMHAMPERS', '', NULL, NULL, NULL, NULL, 1),
	(410, 'ROBB-50', 'Baskom Jumbo Stainless Steel 50 cm', '', 'ROBB-50', '', NULL, NULL, NULL, NULL, 1),
	(411, 'ROBB-60', 'Baskom Jumbo Stainless Steel 60 cm', '', 'ROBB-60', '', NULL, NULL, NULL, NULL, 1),
	(412, 'ROBB-70', 'Baskom Jumbo Stainless Steel 70 cm', '', 'ROBB-70', '', NULL, NULL, NULL, NULL, 1),
	(413, 'ROCB-01BG', 'Sikat Baju Beige', '', 'ROCB-01BG', '', NULL, NULL, NULL, NULL, 1),
	(414, 'ROCB-01GR', 'Sikat Baju green', '', 'ROCB-01GR', '', NULL, NULL, NULL, NULL, 1),
	(415, 'ROCB-01PK', 'SIkat Baju Pink', '', 'ROCB-01PK', '', NULL, NULL, NULL, NULL, 1),
	(416, 'ROCB-02BL', 'Sikat Lantai Pembersih 02 Blue', '', 'ROCB-02BL', '', NULL, NULL, NULL, NULL, 1),
	(417, 'ROCB-02GR', 'Sikat Lantai Pembersih 02 Green', '', 'ROCB-02GR', '', NULL, NULL, NULL, NULL, 1),
	(418, 'ROCB-02PK', 'Sikat Lantai Pembersih 02 Pink', '', 'ROCB-02PK', '', NULL, NULL, NULL, NULL, 1),
	(419, 'ROCM-01A', 'Capit Makanan ( Food Tong ) 24 cm', '', 'ROCM-01A', '', NULL, NULL, NULL, NULL, 1),
	(420, 'ROCM-01B', 'Capit Makanan ( Food Tong ) 28 cm', '', 'ROCM-01B', '', NULL, NULL, NULL, NULL, 1),
	(421, 'ROCP-01GR', 'Classic Pot Green - Royalton', '', 'ROCP-01GR', '', NULL, NULL, NULL, NULL, 1),
	(422, 'ROCP01GR+CARD', 'Classic Pot Green + Card - Royalton', '', 'ROCP01GR+CARD', '', NULL, NULL, NULL, NULL, 1),
	(423, 'ROCP-01RD', 'Classic Pot Red - Royalton', '', 'ROCP-01RD', '', NULL, NULL, NULL, NULL, 1),
	(424, 'ROCP01RD+CARD', 'Classic Pot Red + Card - Royalton', '', 'ROCP01RD+CARD', '', NULL, NULL, NULL, NULL, 1),
	(425, 'ROCP01-SETGR16CM', 'Classic Pot 16 cm Set Green', '', 'ROCP01-SETGR16CM', '', NULL, NULL, NULL, NULL, 1),
	(426, 'ROCP01-SETGR18CM', 'Classic Pot 18 cm Set Green', '', 'ROCP01-SETGR18CM', '', NULL, NULL, NULL, NULL, 1),
	(427, 'ROCP01-SETGR20CM', 'Classic Pot 20 cm Set Green', '', 'ROCP01-SETGR20CM', '', NULL, NULL, NULL, NULL, 1),
	(428, 'ROCP01-SETGR22CM', 'Classic Pot 22 cm Set Green', '', 'ROCP01-SETGR22CM', '', NULL, NULL, NULL, NULL, 1),
	(429, 'ROCP01-SETRD16CM', 'Classic Pot 16 cm Set Red', '', 'ROCP01-SETRD16CM', '', NULL, NULL, NULL, NULL, 1),
	(430, 'ROCP01-SETRD18CM', 'Classic Pot 18 cm Set Red', '', 'ROCP01-SETRD18CM', '', NULL, NULL, NULL, NULL, 1),
	(431, 'ROCP01-SETRD20CM', 'Classic Pot 20 cm Set Red', '', 'ROCP01-SETRD20CM', '', NULL, NULL, NULL, NULL, 1),
	(432, 'ROCP01-SETRD22CM', 'Classic Pot 22 cm Set Red', '', 'ROCP01-SETRD22CM', '', NULL, NULL, NULL, NULL, 1),
	(433, 'ROCP01-SETYL16CM', 'Classic Pot 16 cm Set Yellow', '', 'ROCP01-SETYL16CM', '', NULL, NULL, NULL, NULL, 1),
	(434, 'ROCP01-SETYL18CM', 'Classic Pot 18 cm Set Yellow', '', 'ROCP01-SETYL18CM', '', NULL, NULL, NULL, NULL, 1),
	(435, 'ROCP01-SETYL20CM', 'Classic Pot 20 cm Set Yellow', '', 'ROCP01-SETYL20CM', '', NULL, NULL, NULL, NULL, 1),
	(436, 'ROCP01-SETYL22CM', 'Classic Pot 22 cm Set Yellow', '', 'ROCP01-SETYL22CM', '', NULL, NULL, NULL, NULL, 1),
	(437, 'ROCP-01YL', 'Classic Pot Yellow - Royalton', '', 'ROCP-01YL', '', NULL, NULL, NULL, NULL, 1),
	(438, 'ROCP01YL+CARD', 'Classic Pot Yellow + Card - Royalton', '', 'ROCP01YL+CARD', '', NULL, NULL, NULL, NULL, 1),
	(439, 'RODC-01', 'Toples Cereal Storage Pet Feeder 1.5 kg', '', 'RODC-01', '', NULL, NULL, NULL, NULL, 1),
	(440, 'RODC-02', 'Toples Cereal Storage Pet Feeder 2 kg', '', 'RODC-02', '', NULL, NULL, NULL, NULL, 1),
	(441, 'RODC-02BL', 'Dry Food Container 2 Kg Blue - Royalton', '', 'RODC-02BL', '', NULL, NULL, NULL, NULL, 1),
	(442, 'RODC-02WH', 'Dry Food Container 2 Kg White - Royalton', '', 'RODC-02WH', '', NULL, NULL, NULL, NULL, 1),
	(443, 'RODL-01RD', 'D lima Red', '', 'RODL-01RD', '', NULL, NULL, NULL, NULL, 1),
	(444, 'RODL01RD+CARD', 'D lima 5 Pcs Pot Set Red + CARD - Royalton', '', 'RODL01RD+CARD', '', NULL, NULL, NULL, NULL, 1),
	(445, 'RODL-01TQ', 'DLima Turquoise', '', 'RODL-01TQ', '', NULL, NULL, NULL, NULL, 1),
	(446, 'RODL01TQ+CARD', 'D lima 5 Pcs Pot Set Turquoise + CARD - Royalton', '', 'RODL01TQ+CARD', '', NULL, NULL, NULL, NULL, 1),
	(447, 'ROFF-01G', 'Wadah Saji Prasmanan', '', 'ROFF-01G', '', NULL, NULL, NULL, NULL, 1),
	(448, 'ROFF-01G2SET', 'Fast Food Glass Set (2) - Royalton', '', 'ROFF-01G2SET', '', NULL, NULL, NULL, NULL, 1),
	(449, 'ROFL-051', 'Senter kepala 50 Watt 051 ( 2 baterai )', '', 'ROFL-051', '', NULL, NULL, NULL, NULL, 1),
	(450, 'ROFL-052', 'Senter Kepala 50 Watt 052 ( 2 baterai )', '', 'ROFL-052', '', NULL, NULL, NULL, NULL, 1),
	(451, 'ROFO-01', 'Garpu Makan 12 pcs', '', 'ROFO-01', '', NULL, NULL, NULL, NULL, 1),
	(452, 'ROFO-0124', 'Garpu Makan 24 pcs', '', 'ROFO-0124', '', NULL, NULL, NULL, NULL, 1),
	(453, 'ROFT-A30', 'Baki / Nampan Persegi Motif Bunga 30 cm', '', 'ROFT-A30', '', NULL, NULL, NULL, NULL, 1),
	(454, 'ROFT-B35', 'Baki / Nampan Bentuk Ikan 35 cm', '', 'ROFT-B35', '', NULL, NULL, NULL, NULL, 1),
	(455, 'ROFT-C40', 'Baki / Nampan Oval Motif 40 cm', '', 'ROFT-C40', '', NULL, NULL, NULL, NULL, 1),
	(456, 'ROFT-C50', 'Baki / Nampan Oval Motif 50 cm', '', 'ROFT-C50', '', NULL, NULL, NULL, NULL, 1),
	(457, 'ROFT-D30', 'Baki / Nampan Segi 6 30 cm', '', 'ROFT-D30', '', NULL, NULL, NULL, NULL, 1),
	(458, 'ROHL-031', 'Senter Kepala 30 Watt', '', 'ROHL-031', '', NULL, NULL, NULL, NULL, 1),
	(459, 'ROKE-01', 'Keset Kaki Mutiara Super', '', 'ROKE-01', '', NULL, NULL, NULL, NULL, 1),
	(460, 'ROKE-013PCS', 'Keset Kaki Mutiara Super isi 3pcs', '', 'ROKE-013PCS', '', NULL, NULL, NULL, NULL, 1),
	(461, 'ROKE-02', 'Keset Kaki Jerami Super', '', 'ROKE-02', '', NULL, NULL, NULL, NULL, 1),
	(462, 'ROKE-03', 'Keset Malaysia 1 pcs', '', 'ROKE-03', '', NULL, NULL, NULL, NULL, 1),
	(463, 'ROKK-01', 'tchen Knife & Cover Green - Royalt', '', 'ROKK-01', '', NULL, NULL, NULL, NULL, 1),
	(464, 'ROKS-01', 'Kitchen Scissors Black', '', 'ROKS-01', '', NULL, NULL, NULL, NULL, 1),
	(465, 'RONS-01', 'Nylon Spatula Green - Royalton', '', 'RONS-01', '', NULL, NULL, NULL, NULL, 1),
	(466, 'ROOP-01', 'Oil Pot Saringan Minyak 1.3 L', '', 'ROOP-01', '', NULL, NULL, NULL, NULL, 1),
	(467, 'ROOP-02', 'Oil Pot Saringan Minyak 1.8 L', '', 'ROOP-02', '', NULL, NULL, NULL, NULL, 1),
	(468, 'ROOP-03', 'Oil Pot Saringan Minyak 1.3 L + tatakan', '', 'ROOP-03', '', NULL, NULL, NULL, NULL, 1),
	(469, 'ROOP-05', 'Oil Pot Saringan Minyak 1.8 L + tatakan', '', 'ROOP-05', '', NULL, NULL, NULL, NULL, 1),
	(470, 'ROOS-01', 'Oil Strainer / Saringan Minyak 18 cm', '', 'ROOS-01', '', NULL, NULL, NULL, NULL, 1),
	(471, 'ROOS-02', 'Oil Strainer / Saringan Minyak 22 cm', '', 'ROOS-02', '', NULL, NULL, NULL, NULL, 1),
	(472, 'ROOS-03', 'Oil Strainer / Saringan Minyak 24 cm', '', 'ROOS-03', '', NULL, NULL, NULL, NULL, 1),
	(473, 'ROOS-05', 'Oil Strainer / Saringan Minyak 28 cm', '', 'ROOS-05', '', NULL, NULL, NULL, NULL, 1),
	(474, 'ROOS-05A', 'Oil Strainer / Saringan Minyak 30 cm', '', 'ROOS-05A', '', NULL, NULL, NULL, NULL, 1),
	(475, 'ROOS-06', 'Oil Strainer / Saringan Minyak 32 cm', '', 'ROOS-06', '', NULL, NULL, NULL, NULL, 1),
	(476, 'ROOS-07', 'Oil Strainer / Saringan Minyak 36 cm', '', 'ROOS-07', '', NULL, NULL, NULL, NULL, 1),
	(477, 'ROP-925A-1', '9,25" Omega Plate / Piring Lontong lis emas isi 1', '', 'ROP-925A-1', '', NULL, NULL, NULL, NULL, 1),
	(478, 'ROP-925A-6', '9,25" Omega Plate / Piring Lontong lis emas isi 6', '', 'ROP-925A-6', '', NULL, NULL, NULL, NULL, 1),
	(479, 'ROP-925B-1', '9,25" Omega Plate / Piring Lontong mahkota isi 1', '', 'ROP-925B-1', '', NULL, NULL, NULL, NULL, 1),
	(480, 'ROP-925B-6', '9,25" Omega Plate / Piring Lontong mahkota isi 6', '', 'ROP-925B-6', '', NULL, NULL, NULL, NULL, 1),
	(481, 'ROP-925C-1', '9,25" Omega Plate / Piring Lontong rose red isi 1', '', 'ROP-925C-1', '', NULL, NULL, NULL, NULL, 1),
	(482, 'ROP-925C-6', '9,25" Omega Plate / Piring Lontong rose red isi 6', '', 'ROP-925C-6', '', NULL, NULL, NULL, NULL, 1),
	(483, 'ROSB-01', 'Tas Belanja Shopping Bag', '', 'ROSB-01', '', NULL, NULL, NULL, NULL, 1),
	(484, 'ROSI-01', 'Sapu Ijuk Super', '', 'ROSI-01', '', NULL, NULL, NULL, NULL, 1),
	(485, 'ROSM-07', 'Gelas Mug Stainless Steel Mug 7 cm ( Tanpa Tutup )', '', 'ROSM-07', '', NULL, NULL, NULL, NULL, 1),
	(486, 'ROSM-08', 'Gelas Mug Stainless Steel Mug 8 cm', '', 'ROSM-08', '', NULL, NULL, NULL, NULL, 1),
	(487, 'ROSM-09', 'Gelas Mug Stainless Steel Mug 9 cm', '', 'ROSM-09', '', NULL, NULL, NULL, NULL, 1),
	(488, 'ROSM-10', 'Gelas Mug Stainless Steel Mug 10 cm', '', 'ROSM-10', '', NULL, NULL, NULL, NULL, 1),
	(489, 'ROSM-11', 'Gelas Mug Stainless Steel Mug 11 cm', '', 'ROSM-11', '', NULL, NULL, NULL, NULL, 1),
	(490, 'ROSM-12', 'Gelas Mug Stainless Steel Mug 12 cm', '', 'ROSM-12', '', NULL, NULL, NULL, NULL, 1),
	(491, 'ROSP-01', 'Sendok Makan 12 pcs', '', 'ROSP-01', '', NULL, NULL, NULL, NULL, 1),
	(492, 'ROSP-0124', 'Sendok Makan 24 pcs', '', 'ROSP-0124', '', NULL, NULL, NULL, NULL, 1),
	(493, 'ROST-01', 'Sapu Taman Super', '', 'ROST-01', '', NULL, NULL, NULL, NULL, 1),
	(494, 'ROTB-10BK', 'Milk Tea Bucket Water Jug 10 L - Black', '', 'ROTB-10BK', '', NULL, NULL, NULL, NULL, 1),
	(495, 'ROTB-10RD', 'Milk Tea Bucket Water Jug 10 L - Red', '', 'ROTB-10RD', '', NULL, NULL, NULL, NULL, 1),
	(496, 'ROTB-12BK', 'Milk Tea Bucket Water Jug 12 L - Black', '', 'ROTB-12BK', '', NULL, NULL, NULL, NULL, 1),
	(497, 'ROTB-12RD', 'Milk Tea Bucket Water Jug 12 L - Black', '', 'ROTB-12RD', '', NULL, NULL, NULL, NULL, 1),
	(498, 'RSB-07A-1', '7" Salad Bowl / Mangkok 7 lis emas isi 1', '', 'RSB-07A-1', '', NULL, NULL, NULL, NULL, 1),
	(499, 'RSB-07A-6', '7" Salad Bowl / Mangkok 7 lis emas isi 6', '', 'RSB-07A-6', '', NULL, NULL, NULL, NULL, 1),
	(500, 'RSB-07B-1', '7" Salad Bowl / Mangkok 7 mahkota isi 1', '', 'RSB-07B-1', '', NULL, NULL, NULL, NULL, 1),
	(501, 'RSB-07B-6', '7" Salad Bowl / Mangkok 7 mahkota isi 6', '', 'RSB-07B-6', '', NULL, NULL, NULL, NULL, 1),
	(502, 'RSB-07C-1', '7" Salad Bowl / Mangkok 7 rose red isi 1', '', 'RSB-07C-1', '', NULL, NULL, NULL, NULL, 1),
	(503, 'RSB-07C-6', '7" Salad Bowl / Mangkok 7 rose red isi 6', '', 'RSB-07C-6', '', NULL, NULL, NULL, NULL, 1),
	(504, 'RSP-09A-1', '9" Soup Plate / Piring Makan 9 lis emas isi 1', '', 'RSP-09A-1', '', NULL, NULL, NULL, NULL, 1),
	(505, 'RSP-09A-6', '9" Soup Plate / Piring Makan 9 lis emas isi 6', '', 'RSP-09A-6', '', NULL, NULL, NULL, NULL, 1),
	(506, 'RSP-09B-1', '9" Soup Plate / Piring Makan 9 mahkota isi 1', '', 'RSP-09B-1', '', NULL, NULL, NULL, NULL, 1),
	(507, 'RSP-09B-6', '9" Soup Plate / Piring Makan 9 mahkota isi 6', '', 'RSP-09B-6', '', NULL, NULL, NULL, NULL, 1),
	(508, 'RSP-09C-1', '9" Soup Plate / Piring Makan 9 rose red isi 1', '', 'RSP-09C-1', '', NULL, NULL, NULL, NULL, 1),
	(509, 'RSP-09C-6', '9" Soup Plate / Piring Makan 9 rose red isi 6', '', 'RSP-09C-6', '', NULL, NULL, NULL, NULL, 1),
	(510, 'SLHAMPERS', 'ROCP-01GR + ASFO-05', '', 'SLHAMPERS', '', NULL, NULL, NULL, NULL, 1),
	(511, 'SPHAMPERS', 'Spark Hampers', '', 'SPHAMPERS', '', NULL, NULL, NULL, NULL, 1),
	(512, 'TBFM-935-PP08A', 'Grande Purple', '', 'TBFM-935-PP08A', '', NULL, NULL, NULL, NULL, 1),
	(513, 'TBKD-935-YL08A', 'Grande Kid Yellow', '', 'TBKD-935-YL08A', '', NULL, NULL, NULL, NULL, 1),
	(514, 'ASFF-SS', 'Sendok Irus Sop Laddie Stainless', '', 'ASFF-SS', '', 'Superadmin', '2025-04-29 11:29:40', 'Superadmin', '2025-04-29 11:29:40', 1),
	(515, 'ASSP-03N', 'Asta Panci Dandang Kukus - Panci Steamer / Panci Dandang Stainless / Stock Pots 1 Set Isi 4', '', 'ASSP-03N', '', 'Superadmin', '2025-04-29 11:47:35', 'Superadmin', '2025-04-29 11:47:35', 1),
	(516, 'BB-ASPS07CP', 'Asta Jepitan Stainless Capitan Penjepit Makanan', '', 'BB-ASPS07CP', '', 'Superadmin', '2025-04-29 11:52:30', 'Superadmin', '2025-04-29 11:52:30', 1),
	(517, 'BB-ASPS07SR', 'Alat Tirisan Minyak / Rak Tatakan Saringan 32cm', '', 'BB-ASPS07SR', '', 'Superadmin', '2025-04-29 11:55:15', 'Superadmin', '2025-04-29 11:55:15', 1),
	(518, 'ROKE-04', 'Asta Keset Kaki Labtai Serap Air Sumbu Oval Tebal 40 x 60cm', '', 'ROKE-04', '', 'Superadmin', '2025-05-07 10:03:56', 'Superadmin', '2025-05-07 10:03:56', 1),
	(519, 'ROCB-04', 'Sikat Pembersih Lantai Kamar Mandi Baju 14 cm', '', 'ROCB-04', '', 'Superadmin', '2025-05-07 11:26:13', 'Superadmin', '2025-05-07 11:26:13', 1),
	(520, 'AECO-0204', 'Asta Cempal Anti Panas Tebal Pelindung Tangan Busa Katun Premium 1 piece', '', 'AECO-0204', '', 'Superadmin', '2025-05-07 11:27:37', 'Superadmin', '2025-05-07 11:27:37', 1),
	(521, 'ASMD-07VB', 'Asta Keset Anti Slip Diatomite 3D Tebal 40 x 60 cm 50 x 80 cm Oval Besar Motif', '', 'ASMD-07VB', '', 'Superadmin', '2025-05-07 11:29:18', 'Superadmin', '2025-05-07 11:29:18', 1),
	(522, 'BB-ROFF01BG', 'Fast Food Body Glass - Royalton', '', 'BB-ROFF01BG', '', 'Superadmin', '2025-05-07 11:32:19', 'Superadmin', '2025-05-07 11:32:19', 1),
	(523, 'BB-ROFF01BX', 'Fast Food Glass Box - Royalton', '', 'BB-ROFF01BX', '', 'Superadmin', '2025-05-07 11:33:05', 'Superadmin', '2025-05-07 11:33:05', 1),
	(524, 'BB-ROFF01TG', 'Fast Food Tutup Glass - Royalton', '', 'BB-ROFF01TG', '', 'Superadmin', '2025-05-07 11:34:13', 'Superadmin', '2025-05-07 11:34:13', 1),
	(525, 'BB-ASBUM01ACGY', 'Bunda Mop New - Accesories & Body Grey - Asta', '', 'BB-ASBUM01ACGY', '', 'Superadmin', '2025-05-07 11:36:15', 'Superadmin', '2025-05-07 11:36:15', 1),
	(526, 'BB-ASBUM01ACSC', 'Bunda Mop New - Accesories & Body Soft Choco - Asta', '', 'BB-ASBUM01ACSC', '', 'Superadmin', '2025-05-07 11:37:12', 'Superadmin', '2025-05-07 11:37:12', 1),
	(527, 'BB-ASBUM01DBGY', 'Bunda Mop New - Dehydration Basket Grey - Asta', '', 'BB-ASBUM01DBGY', '', 'Superadmin', '2025-05-07 11:39:15', 'Superadmin', '2025-05-07 11:39:15', 1),
	(528, 'BB-ASBUM01DBSC', 'Bunda Mop New - Dehydration Basket Soft Choco- Asta', '', 'BB-ASBUM01DBSC', '', 'Superadmin', '2025-05-07 11:41:02', 'Superadmin', '2025-05-07 11:41:02', 1),
	(529, 'BB-ASBUM01BR', 'Bunda Mop New - Brush - Asta', '', 'BB-ASBUM01BR', '', 'Superadmin', '2025-05-07 11:41:46', 'Superadmin', '2025-05-07 11:41:46', 1),
	(530, 'BB-ASBUM01BX', 'Bunda Mop New - Box - Asta', '', 'BB-ASBUM01BX', '', 'Superadmin', '2025-05-07 11:42:23', 'Superadmin', '2025-05-07 11:42:23', 1),
	(531, 'ASFM-024MX', 'Cutlery Set Mix 4 pcs', '', 'ASFM-024MX', '', 'Superadmin', '2025-05-07 11:47:01', 'Superadmin', '2025-05-07 11:47:01', 1),
	(532, 'GF-KBTB200', 'Krupuk Bocah Tua 200 gr', '', 'GF-KBTB200', '', 'Superadmin', '2025-05-09 09:11:28', 'Superadmin', '2025-05-09 09:11:28', 1),
	(533, 'ASWA-03', 'Spon Cuci Piring Warna Warni Spons Sponge Sabut Jaring Busa Tebal', '', 'ASWA-03', '', 'Superadmin', '2025-05-09 09:13:22', 'Superadmin', '2025-05-09 09:13:22', 1),
	(534, 'ASSM-12', 'Saringan Mie 12 cm - Asta', '', 'ASSM-12', '', 'Superadmin', '2025-05-09 13:26:38', 'Superadmin', '2025-05-09 13:26:38', 1),
	(535, 'ASSM-14', 'Saringan Mie 14 cm - Asta', '', 'ASSM-14', '', 'Superadmin', '2025-05-09 13:27:09', 'Superadmin', '2025-05-09 13:27:09', 1),
	(536, 'BB-RFBY', 'Fast Food Dish Round with Slove', '', 'BB-RFBY', '', 'Superadmin', '2025-05-10 09:24:59', 'Superadmin', '2025-05-10 09:24:59', 1),
	(537, 'AS01', 'Asta test', '', 'AS01', '', 'Superadmin', '2025-05-13 00:10:22', 'Superadmin', '2025-05-13 00:10:22', 1),
	(538, 'AS02', 'Asta test 02', '', 'AS022', '', 'Superadmin', '2025-05-13 00:51:34', 'Superadmin', '2025-05-13 01:06:25', 1),
	(539, 'AS03', 'Asta test 032', '', 'AS03', '', 'Superadmin', '2025-05-13 01:07:06', 'Superadmin', '2025-05-13 01:07:16', 1);

-- Dumping structure for table db_astawms.product_stock
CREATE TABLE IF NOT EXISTS `product_stock` (
  `idproduct_stock` int NOT NULL AUTO_INCREMENT,
  `idproduct` int NOT NULL,
  `idgudang` int NOT NULL,
  `stok` int NOT NULL DEFAULT '0',
  PRIMARY KEY (`idproduct_stock`)
) ENGINE=InnoDB AUTO_INCREMENT=240 DEFAULT CHARSET=utf8mb4 COLLATE=utf8mb4_general_ci;

-- Dumping data for table db_astawms.product_stock: ~230 rows (approximately)
REPLACE INTO `product_stock` (`idproduct_stock`, `idproduct`, `idgudang`, `stok`) VALUES
	(1, 515, 1, -2),
	(2, 516, 1, -11),
	(3, 517, 1, -1),
	(4, 513, 1, -4),
	(5, 490, 1, -52),
	(6, 470, 1, -6),
	(7, 326, 1, -12),
	(8, 213, 1, -5),
	(9, 514, 1, -123),
	(10, 70, 1, -61),
	(11, 485, 1, -15),
	(12, 300, 1, -3),
	(13, 466, 1, -63),
	(14, 464, 1, -32),
	(15, 377, 1, -54),
	(16, 373, 1, -34),
	(17, 242, 1, -70),
	(18, 228, 1, -163),
	(19, 461, 1, -12),
	(20, 460, 1, -4),
	(21, 447, 1, -55),
	(22, 376, 1, -3),
	(23, 375, 1, -25),
	(24, 371, 1, -14),
	(25, 333, 1, -1),
	(26, 327, 1, -4),
	(27, 322, 1, -6),
	(28, 320, 1, -250),
	(29, 303, 1, -2),
	(30, 302, 1, -8),
	(31, 250, 1, -32),
	(32, 251, 1, -12),
	(33, 249, 1, -11),
	(34, 248, 1, -143),
	(35, 240, 1, -40),
	(36, 231, 1, -60),
	(37, 227, 1, -83),
	(38, 226, 1, -28),
	(39, 225, 1, -6),
	(40, 190, 1, -13),
	(41, 73, 1, -42),
	(42, 486, 1, -4),
	(43, 233, 1, -83),
	(44, 235, 1, -33),
	(45, 237, 1, -27),
	(46, 467, 1, -91),
	(47, 465, 1, -3),
	(48, 325, 1, -25),
	(49, 188, 1, -13),
	(50, 412, 1, -2),
	(51, 411, 1, -44),
	(52, 381, 1, -3),
	(53, 361, 1, -5),
	(54, 336, 1, -2),
	(55, 331, 1, -1),
	(56, 318, 1, -35),
	(57, 312, 1, -4),
	(58, 13, 1, -2),
	(59, 284, 1, -1),
	(60, 82, 1, -4),
	(61, 239, 1, -6),
	(62, 223, 1, -5),
	(63, 187, 1, -1),
	(64, 84, 1, -1),
	(65, 79, 1, -14),
	(66, 72, 1, -56),
	(67, 71, 1, -33),
	(68, 24, 1, -1),
	(69, 25, 1, -2),
	(70, 282, 1, -2),
	(71, 473, 1, -50),
	(72, 309, 1, -64),
	(73, 472, 1, -81),
	(74, 443, 1, -1),
	(75, 289, 1, -9),
	(76, 285, 1, -5),
	(77, 131, 1, -3),
	(78, 229, 1, -29),
	(79, 417, 1, -1),
	(80, 252, 1, -5),
	(81, 199, 1, -5),
	(82, 62, 1, -13),
	(83, 423, 1, -1),
	(84, 208, 1, -15),
	(85, 204, 1, -2),
	(86, 286, 1, -3),
	(87, 246, 1, -142),
	(88, 222, 1, -72),
	(89, 206, 1, -2),
	(90, 474, 1, -42),
	(91, 244, 1, -12),
	(92, 195, 1, -10),
	(93, 120, 1, -1),
	(94, 103, 1, -101),
	(95, 102, 1, -43),
	(96, 448, 1, -18),
	(97, 382, 1, -6),
	(98, 212, 1, -4),
	(99, 63, 1, -1),
	(100, 47, 1, -26),
	(101, 61, 1, -4),
	(102, 45, 1, -11),
	(103, 41, 1, -20),
	(104, 437, 1, -2),
	(105, 518, 1, -6),
	(106, 518, 2, 0),
	(107, 519, 1, -4),
	(108, 519, 2, 0),
	(109, 520, 1, -4),
	(110, 520, 2, 0),
	(111, 521, 1, -1),
	(112, 521, 2, 0),
	(113, 522, 1, -528),
	(114, 522, 2, 0),
	(115, 523, 1, -528),
	(116, 523, 2, 0),
	(117, 524, 1, -528),
	(118, 524, 2, 0),
	(119, 525, 1, -8),
	(120, 525, 2, 0),
	(121, 526, 1, -7),
	(122, 526, 2, 0),
	(123, 527, 1, -8),
	(124, 527, 2, 0),
	(125, 528, 1, -7),
	(126, 528, 2, 0),
	(127, 529, 1, -15),
	(128, 529, 2, 0),
	(129, 530, 1, -15),
	(130, 530, 2, 0),
	(131, 531, 1, 0),
	(132, 531, 2, 0),
	(133, 483, 1, -2),
	(134, 308, 1, -2),
	(135, 306, 1, -2),
	(136, 6, 1, -7),
	(137, 324, 1, -145),
	(138, 130, 1, -5),
	(139, 459, 1, -526),
	(140, 445, 1, -5),
	(141, 414, 1, -4),
	(142, 374, 1, -1),
	(143, 323, 1, -3),
	(144, 7, 1, -1),
	(145, 2, 1, 3),
	(146, 271, 1, -4),
	(147, 260, 1, -6),
	(148, 192, 1, -15),
	(149, 78, 1, -15),
	(150, 16, 1, -3),
	(151, 5, 1, -1),
	(152, 12, 1, -2),
	(153, 471, 1, -146),
	(154, 274, 1, -152),
	(155, 163, 1, -3),
	(156, 273, 1, -1),
	(157, 266, 1, -35),
	(158, 245, 1, -98),
	(159, 198, 1, -1),
	(160, 107, 1, -132),
	(161, 254, 1, -35),
	(162, 159, 1, -2),
	(163, 18, 1, -1),
	(164, 175, 1, -6),
	(165, 177, 1, -7),
	(166, 173, 1, -6),
	(167, 299, 1, -5),
	(168, 85, 1, -7),
	(169, 316, 1, -60),
	(170, 314, 1, -12),
	(171, 275, 1, -51),
	(172, 97, 1, -175),
	(173, 96, 1, -175),
	(174, 101, 1, -111),
	(175, 115, 1, -90),
	(176, 113, 1, -55),
	(177, 117, 1, -90),
	(178, 132, 1, -3),
	(179, 108, 1, -1),
	(180, 100, 1, -1),
	(181, 189, 1, -13),
	(182, 186, 1, -13),
	(183, 415, 1, -1),
	(184, 406, 1, -2),
	(185, 344, 1, -2),
	(186, 281, 1, -52),
	(187, 310, 1, -3),
	(188, 99, 1, -88),
	(189, 98, 1, -3),
	(190, 17, 1, -1),
	(191, 94, 1, -100),
	(192, 105, 1, -110),
	(193, 111, 1, -55),
	(194, 118, 1, -5),
	(195, 532, 1, -1),
	(196, 532, 2, 0),
	(197, 533, 1, -1),
	(198, 533, 2, 0),
	(199, 351, 1, -1),
	(200, 296, 1, -2),
	(201, 162, 1, -1),
	(202, 416, 1, -1),
	(203, 291, 1, -1),
	(204, 106, 1, -2),
	(205, 104, 1, -2),
	(206, 363, 1, -1),
	(207, 191, 1, -7),
	(208, 534, 1, -60),
	(209, 534, 2, 0),
	(210, 535, 1, -60),
	(211, 535, 2, 0),
	(212, 124, 1, -350),
	(213, 123, 1, -350),
	(214, 95, 1, -90),
	(215, 109, 1, -115),
	(216, 183, 1, -12),
	(217, 184, 1, -12),
	(218, 247, 1, -30),
	(219, 488, 1, -96),
	(220, 122, 1, -300),
	(221, 536, 1, -2),
	(222, 536, 2, 0),
	(223, 432, 1, -1),
	(224, 372, 1, -1),
	(225, 69, 1, -1),
	(226, 67, 1, -1),
	(227, 60, 1, -1),
	(228, 356, 1, -1),
	(229, 210, 1, -2),
	(230, 214, 1, -2),
	(231, 1, 1, 5),
	(232, 537, 1, 0),
	(233, 537, 2, 0),
	(234, 538, 1, 0),
	(235, 538, 2, 0),
	(236, 539, 1, 0),
	(237, 539, 2, 0),
	(238, 1, 2, 0),
	(239, 2, 2, 0);

-- Dumping structure for table db_astawms.role
CREATE TABLE IF NOT EXISTS `role` (
  `idrole` int NOT NULL AUTO_INCREMENT,
  `nama_role` varchar(200) CHARACTER SET utf8mb4 COLLATE utf8mb4_general_ci DEFAULT NULL,
  `deskripsi` varchar(200) CHARACTER SET utf8mb4 COLLATE utf8mb4_general_ci DEFAULT NULL,
  `created_by` varchar(200) CHARACTER SET utf8mb4 COLLATE utf8mb4_general_ci DEFAULT NULL,
  `created_date` datetime DEFAULT NULL,
  `updated_by` varchar(200) CHARACTER SET utf8mb4 COLLATE utf8mb4_general_ci DEFAULT NULL,
  `updated_date` datetime DEFAULT NULL,
  `status` int DEFAULT NULL,
  PRIMARY KEY (`idrole`)
) ENGINE=InnoDB AUTO_INCREMENT=6 DEFAULT CHARSET=utf8mb4 COLLATE=utf8mb4_general_ci;

-- Dumping data for table db_astawms.role: ~4 rows (approximately)
REPLACE INTO `role` (`idrole`, `nama_role`, `deskripsi`, `created_by`, `created_date`, `updated_by`, `updated_date`, `status`) VALUES
	(1, 'Superadmin', 'Superadmin', 'Superadmin', '2025-04-25 14:31:16', 'Superadmin', '2025-04-25 14:31:21', 1),
	(2, 'Admin Gudang', 'Admin Gudang', 'Superadmin', '2025-04-25 14:37:08', 'Superadmin', '2025-04-25 14:37:11', 1),
	(3, 'Admin Stock', 'Admin Stock', 'Admin Stock', '2025-04-25 14:38:08', 'Superadmin', '2025-04-25 14:38:15', 1),
	(4, 'Staff', 'Staff', 'Staff', '2025-04-25 14:38:35', 'Superadmin', '2025-04-25 14:38:41', 1),
	(5, 'Accounting', 'Accounting', 'Superadmin', '2025-05-14 13:21:04', 'Superadmin', '2025-05-14 13:21:13', NULL);

-- Dumping structure for table db_astawms.user
CREATE TABLE IF NOT EXISTS `user` (
  `iduser` int NOT NULL AUTO_INCREMENT,
  `idrole` int DEFAULT NULL,
  `username` varchar(50) CHARACTER SET utf8mb4 COLLATE utf8mb4_general_ci DEFAULT NULL,
  `email` varchar(100) CHARACTER SET utf8mb4 COLLATE utf8mb4_general_ci NOT NULL,
  `foto` varchar(100) CHARACTER SET utf8mb4 COLLATE utf8mb4_general_ci NOT NULL,
  `password` varchar(255) CHARACTER SET utf8mb4 COLLATE utf8mb4_general_ci NOT NULL,
  `full_name` varchar(100) CHARACTER SET utf8mb4 COLLATE utf8mb4_general_ci DEFAULT NULL,
  `is_active` int DEFAULT '1',
  `created_by` varchar(100) CHARACTER SET utf8mb4 COLLATE utf8mb4_general_ci DEFAULT NULL,
  `created_date` datetime DEFAULT CURRENT_TIMESTAMP,
  `updated_by` varchar(100) CHARACTER SET utf8mb4 COLLATE utf8mb4_general_ci DEFAULT NULL,
  `updated_date` datetime DEFAULT CURRENT_TIMESTAMP ON UPDATE CURRENT_TIMESTAMP,
  `status` int DEFAULT '1',
  PRIMARY KEY (`iduser`)
) ENGINE=InnoDB AUTO_INCREMENT=12 DEFAULT CHARSET=utf8mb4 COLLATE=utf8mb4_general_ci;

-- Dumping data for table db_astawms.user: ~7 rows (approximately)
REPLACE INTO `user` (`iduser`, `idrole`, `username`, `email`, `foto`, `password`, `full_name`, `is_active`, `created_by`, `created_date`, `updated_by`, `updated_date`, `status`) VALUES
	(4, 1, 'Superadmin', 'superadmin@gmail.com', 'foto_1745588888.png', '$2y$10$Hpc5o/QfB3CsVGezMUhjdOClU2c16NRCnKvTLxMz3LcqKfONFY.p.', 'Superadmin', 1, NULL, '2025-04-25 20:48:09', 'Superadmin', '2025-04-26 10:20:35', 1),
	(5, 4, 'Haris', 'haris@gmail.com', 'foto_1745724577.jpg', '$2y$10$h0nquo0wBJM/t6hUkgXhb.ggchVQ.byceneATYa9t9P6u4vepdY4e', 'Haris', 1, 'Superadmin', '2025-04-27 10:29:37', 'Superadmin', '2025-04-29 02:10:57', 0),
	(6, 3, 'Suzan', 'suzan@gmail.com', 'foto_1745724656.jpg', '$2y$10$LFArAXh3s.u5LR7IhMBvteImaZF8exujbfrc4UUmXJeHoHQGFjsMe', 'Suzan', 1, 'Superadmin', '2025-04-27 10:30:56', 'Superadmin', '2025-04-29 02:11:00', 0),
	(7, 2, 'Mustofa', 'mustofa@gmail.com', 'foto_1745824637.jpg', '$2y$10$pxu.7X0NRrXnLj350mKWk.E8jR.PNVx75jCojD/8cI3i83LE.J71K', 'Mustofa', 1, 'Superadmin', '2025-04-28 14:17:17', 'Superadmin', '2025-05-14 13:29:10', 0),
	(8, 2, 'Alfi', 'Rosi.alvi123@gmail.com', '', '$2y$10$eKf7iC.pn8dt4dw7YiEUkOdfjX2y69GJJFhGVr8VeMhMJXOkA4NMu', 'Alfi', 1, 'Superadmin', '2025-04-29 02:19:29', 'Superadmin', '2025-04-29 10:46:59', 1),
	(9, 3, 'Risma', 'risma@gmail.com', '', '$2y$10$fr28RRQg/suANnWlF8UyBODm2MuH0O6DbiQG3hwDN6zvTzFLdSCGm', 'Risma', 1, 'Superadmin', '2025-04-29 02:21:45', 'Superadmin', '2025-04-29 13:12:39', 1),
	(10, 4, 'Admin', 'admin@gmail.com', 'foto_1745869996.jpg', '$2y$10$Z1yQGVv5FP3aEksY.tMVE.uAiB4rov1kjA43tTwlfFCA4zNUa4tQ.', 'Admin', 1, 'Superadmin', '2025-04-29 02:45:02', 'Superadmin', '2025-04-29 02:53:16', 1),
	(11, 5, 'Accounting', 'accounting@gmail.com', '', '$2y$10$1m8ZvpObYA.2U2J6PFrCx.uEd4rRoyZ6/NDSSA4mCL5Vfqo8J6JGW', 'Accounting', 1, 'Superadmin', '2025-05-14 13:26:54', 'Superadmin', '2025-05-14 13:26:54', 1);

/*!40103 SET TIME_ZONE=IFNULL(@OLD_TIME_ZONE, 'system') */;
/*!40101 SET SQL_MODE=IFNULL(@OLD_SQL_MODE, '') */;
/*!40014 SET FOREIGN_KEY_CHECKS=IFNULL(@OLD_FOREIGN_KEY_CHECKS, 1) */;
/*!40101 SET CHARACTER_SET_CLIENT=@OLD_CHARACTER_SET_CLIENT */;
/*!40111 SET SQL_NOTES=IFNULL(@OLD_SQL_NOTES, 1) */;
